{
  "url": "https://www.netlify.com/privacy/",
  "requestedUrl": "https://www.netlify.com/privacy/",
  "timestamp": 1606198004363,
  "ranks": {
    "hundos": 2,
    "performance": 6,
    "accessibility": 3,
    "cumulative": 2
  },
  "lighthouse": {
    "version": "6.4.1",
    "performance": 0.97,
    "accessibility": 1,
    "bestPractices": 1,
    "seo": 1,
    "total": 397
  },
  "firstContentfulPaint": 1403.0570000000002,
  "speedIndex": 1439.6754579999574,
  "largestContentfulPaint": 2292.7110000000002,
  "totalBlockingTime": 12,
  "cumulativeLayoutShift": 0,
  "timeToInteractive": 3690.2205000000004,
  "maxPotentialFirstInputDelay": 60,
  "timeToFirstByte": 230.31,
  "weight": {
    "summary": "31 requests • 288 KiB",
    "total": 295373,
    "image": 48761,
    "imageCount": 7,
    "script": 153599,
    "scriptCount": 12,
    "document": 40032,
    "font": 47918,
    "fontCount": 4,
    "stylesheet": 0,
    "stylesheetCount": 0,
    "thirdParty": 153690,
    "thirdPartyCount": 23
  },
  "axe": {
    "passes": 1000,
    "violations": 1
  }
}