{
  "url": "https://www.netlify.com/privacy/",
  "requestedUrl": "https://www.netlify.com/privacy/",
  "timestamp": 1607494712496,
  "ranks": {
    "hundos": 5,
    "performance": 4,
    "accessibility": 3,
    "cumulative": 4
  },
  "lighthouse": {
    "version": "6.5.0",
    "performance": 0.98,
    "accessibility": 1,
    "bestPractices": 1,
    "seo": 0.92,
    "total": 390
  },
  "firstContentfulPaint": 1250.8700000000003,
  "speedIndex": 1250.8700000000003,
  "largestContentfulPaint": 1883.8260000000005,
  "totalBlockingTime": 41.99999999999977,
  "cumulativeLayoutShift": 0.00027065277099609376,
  "timeToInteractive": 3766.3845,
  "maxPotentialFirstInputDelay": 95,
  "timeToFirstByte": 153.643,
  "weight": {
    "summary": "31 requests • 289 KiB",
    "total": 295835,
    "image": 48708,
    "imageCount": 7,
    "script": 154748,
    "scriptCount": 12,
    "document": 39772,
    "font": 47940,
    "fontCount": 4,
    "stylesheet": 0,
    "stylesheetCount": 0,
    "thirdParty": 154229,
    "thirdPartyCount": 23
  },
  "axe": {
    "passes": 1000,
    "violations": 1
  }
}