{
  "url": "https://www.netlify.com/privacy/",
  "requestedUrl": "https://www.netlify.com/privacy/",
  "timestamp": 1608790311933,
  "ranks": {
    "hundos": 3,
    "performance": 10,
    "accessibility": 4,
    "cumulative": 3
  },
  "lighthouse": {
    "version": "6.5.0",
    "performance": 0.96,
    "accessibility": 1,
    "bestPractices": 1,
    "seo": 1,
    "total": 396
  },
  "firstContentfulPaint": 1271.763,
  "speedIndex": 1764.689623709241,
  "largestContentfulPaint": 2251.682,
  "totalBlockingTime": 134,
  "cumulativeLayoutShift": 0.00236981201171875,
  "timeToInteractive": 4412.5975,
  "maxPotentialFirstInputDelay": 224,
  "timeToFirstByte": 362.71099999999996,
  "weight": {
    "summary": "34 requests • 326 KiB",
    "total": 333627,
    "image": 5326,
    "imageCount": 7,
    "script": 242677,
    "scriptCount": 14,
    "document": 39866,
    "font": 40945,
    "fontCount": 4,
    "stylesheet": 0,
    "stylesheetCount": 0,
    "thirdParty": 241931,
    "thirdPartyCount": 27
  },
  "run": {
    "number": 1,
    "total": 3
  },
  "axe": {
    "passes": 1015,
    "violations": 2
  }
}