{
  "url": "https://www.netlify.com/privacy/",
  "requestedUrl": "https://www.netlify.com/privacy/",
  "timestamp": 1608703800644,
  "ranks": {
    "hundos": 3,
    "performance": 8,
    "accessibility": 4,
    "cumulative": 3
  },
  "lighthouse": {
    "version": "6.5.0",
    "performance": 0.97,
    "accessibility": 1,
    "bestPractices": 1,
    "seo": 1,
    "total": 397
  },
  "firstContentfulPaint": 1284.812,
  "speedIndex": 1445.2654840000093,
  "largestContentfulPaint": 2222.45,
  "totalBlockingTime": 107.5,
  "cumulativeLayoutShift": 0.00013855743408203123,
  "timeToInteractive": 4145.0195,
  "maxPotentialFirstInputDelay": 209,
  "timeToFirstByte": 346.728,
  "weight": {
    "summary": "34 requests • 326 KiB",
    "total": 333847,
    "image": 5326,
    "imageCount": 7,
    "script": 242682,
    "scriptCount": 14,
    "document": 39865,
    "font": 40945,
    "fontCount": 4,
    "stylesheet": 0,
    "stylesheetCount": 0,
    "thirdParty": 242151,
    "thirdPartyCount": 27
  },
  "run": {
    "number": 1,
    "total": 3
  },
  "axe": {
    "passes": 1015,
    "violations": 2
  }
}