{
  "url": "https://www.netlify.com/privacy/",
  "requestedUrl": "https://www.netlify.com/privacy/",
  "timestamp": 1606284801860,
  "ranks": {
    "hundos": 2,
    "performance": 4,
    "accessibility": 3,
    "cumulative": 2
  },
  "lighthouse": {
    "version": "6.4.1",
    "performance": 0.98,
    "accessibility": 1,
    "bestPractices": 1,
    "seo": 1,
    "total": 398
  },
  "firstContentfulPaint": 1346.7110000000002,
  "speedIndex": 1346.7110000000002,
  "largestContentfulPaint": 1911.3960000000002,
  "totalBlockingTime": 7.999999999999773,
  "cumulativeLayoutShift": 0,
  "timeToInteractive": 3707.7614999999996,
  "maxPotentialFirstInputDelay": 59,
  "timeToFirstByte": 181.43599999999998,
  "weight": {
    "summary": "31 requests • 288 KiB",
    "total": 294730,
    "image": 48676,
    "imageCount": 7,
    "script": 153700,
    "scriptCount": 12,
    "document": 39776,
    "font": 47913,
    "fontCount": 4,
    "stylesheet": 0,
    "stylesheetCount": 0,
    "thirdParty": 153180,
    "thirdPartyCount": 23
  },
  "axe": {
    "passes": 1000,
    "violations": 1
  }
}