{
  "url": "https://www.netlify.com/privacy/",
  "requestedUrl": "https://www.netlify.com/privacy/",
  "timestamp": 1604556603109,
  "ranks": {
    "hundos": 9,
    "performance": 16,
    "accessibility": 3,
    "cumulative": 9
  },
  "lighthouse": {
    "version": "6.4.1",
    "performance": 0.95,
    "accessibility": 1,
    "bestPractices": 1,
    "seo": 0.92,
    "total": 387
  },
  "firstContentfulPaint": 1269.687,
  "speedIndex": 1269.687,
  "largestContentfulPaint": 2670.0849999999996,
  "totalBlockingTime": 52,
  "cumulativeLayoutShift": 0.00017333433363172742,
  "timeToInteractive": 3579.562,
  "maxPotentialFirstInputDelay": 79,
  "timeToFirstByte": 146.24099999999999,
  "weight": {
    "summary": "31 requests • 230 KiB",
    "total": 235568,
    "image": 5175,
    "imageCount": 6,
    "script": 151412,
    "scriptCount": 12,
    "document": 26328,
    "font": 47966,
    "fontCount": 4,
    "stylesheet": 0,
    "stylesheetCount": 0,
    "thirdParty": 152197,
    "thirdPartyCount": 24
  },
  "axe": {
    "passes": 956,
    "violations": 1
  }
}