{
  "url": "https://www.netlify.com/privacy/",
  "requestedUrl": "https://www.netlify.com/privacy/",
  "timestamp": 1605939178240,
  "ranks": {
    "hundos": 2,
    "performance": 6,
    "accessibility": 3,
    "cumulative": 2
  },
  "lighthouse": {
    "version": "6.4.1",
    "performance": 0.98,
    "accessibility": 1,
    "bestPractices": 1,
    "seo": 1,
    "total": 398
  },
  "firstContentfulPaint": 1445.476,
  "speedIndex": 1486.910835999936,
  "largestContentfulPaint": 1730.719,
  "totalBlockingTime": 38,
  "cumulativeLayoutShift": 0,
  "timeToInteractive": 3972.9635,
  "maxPotentialFirstInputDelay": 91,
  "timeToFirstByte": 177.913,
  "weight": {
    "summary": "31 requests • 288 KiB",
    "total": 295087,
    "image": 48685,
    "imageCount": 7,
    "script": 153562,
    "scriptCount": 12,
    "document": 40041,
    "font": 47965,
    "fontCount": 4,
    "stylesheet": 0,
    "stylesheetCount": 0,
    "thirdParty": 153355,
    "thirdPartyCount": 23
  },
  "axe": {
    "passes": 1000,
    "violations": 1
  }
}