{
  "url": "https://www.netlify.com/privacy/",
  "requestedUrl": "https://www.netlify.com/privacy/",
  "timestamp": 1604902561150,
  "ranks": {
    "hundos": 4,
    "performance": 5,
    "accessibility": 3,
    "cumulative": 4
  },
  "lighthouse": {
    "version": "6.4.1",
    "performance": 0.98,
    "accessibility": 1,
    "bestPractices": 1,
    "seo": 0.92,
    "total": 390
  },
  "firstContentfulPaint": 1030.461,
  "speedIndex": 1150.1347645486583,
  "largestContentfulPaint": 2045.932,
  "totalBlockingTime": 106.99999999999977,
  "cumulativeLayoutShift": 0,
  "timeToInteractive": 3583.8720000000003,
  "maxPotentialFirstInputDelay": 152,
  "timeToFirstByte": 194.701,
  "weight": {
    "summary": "30 requests • 229 KiB",
    "total": 234950,
    "image": 5149,
    "imageCount": 6,
    "script": 151435,
    "scriptCount": 12,
    "document": 25776,
    "font": 47940,
    "fontCount": 4,
    "stylesheet": 0,
    "stylesheetCount": 0,
    "thirdParty": 151649,
    "thirdPartyCount": 23
  },
  "axe": {
    "passes": 946,
    "violations": 0
  }
}