{
  "url": "https://www.netlify.com/privacy/",
  "requestedUrl": "https://www.netlify.com/privacy/",
  "timestamp": 1607753424743,
  "ranks": {
    "hundos": 7,
    "performance": 9,
    "accessibility": 4,
    "cumulative": 6
  },
  "lighthouse": {
    "version": "6.5.0",
    "performance": 0.97,
    "accessibility": 1,
    "bestPractices": 1,
    "seo": 0.92,
    "total": 389
  },
  "firstContentfulPaint": 1351.254,
  "speedIndex": 1366.3835359999716,
  "largestContentfulPaint": 2272.853,
  "totalBlockingTime": 11.5,
  "cumulativeLayoutShift": 0.00027065277099609376,
  "timeToInteractive": 3683.8680000000004,
  "maxPotentialFirstInputDelay": 61,
  "timeToFirstByte": 218.224,
  "weight": {
    "summary": "30 requests • 247 KiB",
    "total": 252595,
    "image": 5170,
    "imageCount": 6,
    "script": 155230,
    "scriptCount": 12,
    "document": 39613,
    "font": 47913,
    "fontCount": 4,
    "stylesheet": 0,
    "stylesheetCount": 0,
    "thirdParty": 154697,
    "thirdPartyCount": 23
  },
  "axe": {
    "passes": 1014,
    "violations": 1
  }
}