{
  "url": "https://www.netlify.com/privacy/",
  "requestedUrl": "https://www.netlify.com/privacy/",
  "timestamp": 1607148414901,
  "ranks": {
    "hundos": 2,
    "performance": 3,
    "accessibility": 3,
    "cumulative": 2
  },
  "lighthouse": {
    "version": "6.5.0",
    "performance": 0.98,
    "accessibility": 1,
    "bestPractices": 1,
    "seo": 1,
    "total": 398
  },
  "firstContentfulPaint": 1390.563,
  "speedIndex": 1390.563,
  "largestContentfulPaint": 1806.5310000000002,
  "totalBlockingTime": 21.5,
  "cumulativeLayoutShift": 0,
  "timeToInteractive": 3701.157,
  "maxPotentialFirstInputDelay": 73,
  "timeToFirstByte": 213.48700000000002,
  "weight": {
    "summary": "31 requests • 289 KiB",
    "total": 295623,
    "image": 48660,
    "imageCount": 7,
    "script": 154125,
    "scriptCount": 12,
    "document": 40011,
    "font": 47944,
    "fontCount": 4,
    "stylesheet": 0,
    "stylesheetCount": 0,
    "thirdParty": 153806,
    "thirdPartyCount": 23
  },
  "axe": {
    "passes": 1000,
    "violations": 1
  }
}