{
  "url": "https://www.netlify.com/privacy/",
  "requestedUrl": "https://www.netlify.com/privacy/",
  "timestamp": 1604988660236,
  "ranks": {
    "hundos": 3,
    "performance": 3,
    "accessibility": 3,
    "cumulative": 3
  },
  "lighthouse": {
    "version": "6.4.1",
    "performance": 0.99,
    "accessibility": 1,
    "bestPractices": 1,
    "seo": 0.92,
    "total": 391
  },
  "firstContentfulPaint": 1028.212,
  "speedIndex": 1028.212,
  "largestContentfulPaint": 1728.021,
  "totalBlockingTime": 39,
  "cumulativeLayoutShift": 0,
  "timeToInteractive": 3513.665,
  "maxPotentialFirstInputDelay": 68,
  "timeToFirstByte": 12.588000000000001,
  "weight": {
    "summary": "30 requests • 230 KiB",
    "total": 235058,
    "image": 5148,
    "imageCount": 6,
    "script": 151325,
    "scriptCount": 12,
    "document": 25785,
    "font": 47942,
    "fontCount": 4,
    "stylesheet": 0,
    "stylesheetCount": 0,
    "thirdParty": 151744,
    "thirdPartyCount": 23
  },
  "axe": {
    "passes": 946,
    "violations": 0
  }
}