{
  "url": "https://www.netlify.com/privacy/",
  "requestedUrl": "https://www.netlify.com/privacy/",
  "timestamp": 1606112215946,
  "ranks": {
    "hundos": 2,
    "performance": 4,
    "accessibility": 3,
    "cumulative": 2
  },
  "lighthouse": {
    "version": "6.4.1",
    "performance": 0.98,
    "accessibility": 1,
    "bestPractices": 1,
    "seo": 1,
    "total": 398
  },
  "firstContentfulPaint": 1441.8680000000002,
  "speedIndex": 1447.5342080000166,
  "largestContentfulPaint": 1868.3660000000002,
  "totalBlockingTime": 66.5,
  "cumulativeLayoutShift": 0,
  "timeToInteractive": 3821.3,
  "maxPotentialFirstInputDelay": 113,
  "timeToFirstByte": 228.016,
  "weight": {
    "summary": "31 requests • 288 KiB",
    "total": 295275,
    "image": 48655,
    "imageCount": 7,
    "script": 153626,
    "scriptCount": 12,
    "document": 40031,
    "font": 47909,
    "fontCount": 4,
    "stylesheet": 0,
    "stylesheetCount": 0,
    "thirdParty": 153622,
    "thirdPartyCount": 23
  },
  "axe": {
    "passes": 1000,
    "violations": 1
  }
}