{
  "url": "https://www.netlify.com/privacy/",
  "requestedUrl": "https://www.netlify.com/privacy/",
  "timestamp": 1608358442236,
  "ranks": {
    "hundos": 1,
    "performance": 5,
    "accessibility": 4,
    "cumulative": 1
  },
  "lighthouse": {
    "version": "6.5.0",
    "performance": 0.97,
    "accessibility": 1,
    "bestPractices": 1,
    "seo": 1,
    "total": 397
  },
  "firstContentfulPaint": 1440.657,
  "speedIndex": 1440.657,
  "largestContentfulPaint": 1440.6570000000002,
  "totalBlockingTime": 133.5,
  "cumulativeLayoutShift": 0.00013855743408203123,
  "timeToInteractive": 4481.538500000001,
  "maxPotentialFirstInputDelay": 237,
  "timeToFirstByte": 182.495,
  "weight": {
    "summary": "34 requests • 326 KiB",
    "total": 333391,
    "image": 5329,
    "imageCount": 7,
    "script": 242683,
    "scriptCount": 14,
    "document": 39619,
    "font": 40949,
    "fontCount": 4,
    "stylesheet": 0,
    "stylesheetCount": 0,
    "thirdParty": 241934,
    "thirdPartyCount": 27
  },
  "run": {
    "number": 3,
    "total": 3
  },
  "axe": {
    "passes": 1014,
    "violations": 2
  }
}