{
  "url": "https://www.netlify.com/privacy/",
  "requestedUrl": "https://www.netlify.com/privacy/",
  "timestamp": 1604642827266,
  "ranks": {
    "hundos": 3,
    "performance": 3,
    "accessibility": 3,
    "cumulative": 3
  },
  "lighthouse": {
    "version": "6.4.1",
    "performance": 0.99,
    "accessibility": 1,
    "bestPractices": 1,
    "seo": 0.92,
    "total": 391
  },
  "firstContentfulPaint": 1188.6,
  "speedIndex": 1356.1929948048924,
  "largestContentfulPaint": 1491.626,
  "totalBlockingTime": 97,
  "cumulativeLayoutShift": 0,
  "timeToInteractive": 3707.4900000000002,
  "maxPotentialFirstInputDelay": 140,
  "timeToFirstByte": 190.19500000000002,
  "weight": {
    "summary": "30 requests • 229 KiB",
    "total": 234927,
    "image": 5148,
    "imageCount": 6,
    "script": 151390,
    "scriptCount": 12,
    "document": 25776,
    "font": 47970,
    "fontCount": 4,
    "stylesheet": 0,
    "stylesheetCount": 0,
    "thirdParty": 151594,
    "thirdPartyCount": 23
  },
  "axe": {
    "passes": 946,
    "violations": 0
  }
}