{
  "url": "https://www.netlify.com/privacy/",
  "requestedUrl": "https://www.netlify.com/privacy/",
  "timestamp": 1605334556891,
  "ranks": {
    "hundos": 2,
    "performance": 3,
    "accessibility": 3,
    "cumulative": 2
  },
  "lighthouse": {
    "version": "6.4.1",
    "performance": 0.98,
    "accessibility": 1,
    "bestPractices": 1,
    "seo": 1,
    "total": 398
  },
  "firstContentfulPaint": 1268.0760000000002,
  "speedIndex": 1268.0760000000002,
  "largestContentfulPaint": 2107.652,
  "totalBlockingTime": 93.50000000000023,
  "cumulativeLayoutShift": 0.00301318359375,
  "timeToInteractive": 3549.882,
  "maxPotentialFirstInputDelay": 96,
  "timeToFirstByte": 132.733,
  "weight": {
    "summary": "30 requests • 230 KiB",
    "total": 236019,
    "image": 5106,
    "imageCount": 6,
    "script": 152463,
    "scriptCount": 12,
    "document": 25869,
    "font": 47913,
    "fontCount": 4,
    "stylesheet": 0,
    "stylesheetCount": 0,
    "thirdParty": 152652,
    "thirdPartyCount": 23
  },
  "axe": {
    "passes": 956,
    "violations": 1
  }
}