{
  "url": "https://www.netlify.com/privacy/",
  "requestedUrl": "https://www.netlify.com/privacy/",
  "timestamp": 1605680019754,
  "ranks": {
    "hundos": 2,
    "performance": 5,
    "accessibility": 3,
    "cumulative": 2
  },
  "lighthouse": {
    "version": "6.4.1",
    "performance": 0.98,
    "accessibility": 1,
    "bestPractices": 1,
    "seo": 1,
    "total": 398
  },
  "firstContentfulPaint": 1347.4389999999999,
  "speedIndex": 1412.4389580000616,
  "largestContentfulPaint": 2011.5134999999998,
  "totalBlockingTime": 36,
  "cumulativeLayoutShift": 0.001375377655029297,
  "timeToInteractive": 3861.256,
  "maxPotentialFirstInputDelay": 81,
  "timeToFirstByte": 217.942,
  "weight": {
    "summary": "31 requests • 288 KiB",
    "total": 294688,
    "image": 48703,
    "imageCount": 7,
    "script": 153472,
    "scriptCount": 12,
    "document": 39989,
    "font": 47905,
    "fontCount": 4,
    "stylesheet": 0,
    "stylesheetCount": 0,
    "thirdParty": 153114,
    "thirdPartyCount": 23
  },
  "axe": {
    "passes": 992,
    "violations": 1
  }
}