{
  "url": "https://www.netlify.com/privacy/",
  "requestedUrl": "https://www.netlify.com/privacy/",
  "timestamp": 1607235211767,
  "ranks": {
    "hundos": 2,
    "performance": 5,
    "accessibility": 3,
    "cumulative": 2
  },
  "lighthouse": {
    "version": "6.5.0",
    "performance": 0.98,
    "accessibility": 1,
    "bestPractices": 1,
    "seo": 1,
    "total": 398
  },
  "firstContentfulPaint": 1065.627,
  "speedIndex": 1087.0867113115778,
  "largestContentfulPaint": 1825.5415,
  "totalBlockingTime": 40,
  "cumulativeLayoutShift": 0,
  "timeToInteractive": 3699.0290000000005,
  "maxPotentialFirstInputDelay": 81,
  "timeToFirstByte": 200.394,
  "weight": {
    "summary": "31 requests • 289 KiB",
    "total": 295492,
    "image": 48718,
    "imageCount": 7,
    "script": 154118,
    "scriptCount": 12,
    "document": 40010,
    "font": 47913,
    "fontCount": 4,
    "stylesheet": 0,
    "stylesheetCount": 0,
    "thirdParty": 153730,
    "thirdPartyCount": 23
  },
  "axe": {
    "passes": 1000,
    "violations": 1
  }
}