{
  "url": "https://www.netlify.com/privacy/",
  "requestedUrl": "https://www.netlify.com/privacy/",
  "timestamp": 1607580879011,
  "ranks": {
    "hundos": 3,
    "performance": 6,
    "accessibility": 3,
    "cumulative": 3
  },
  "lighthouse": {
    "version": "6.5.0",
    "performance": 0.95,
    "accessibility": 1,
    "bestPractices": 1,
    "seo": 0.92,
    "total": 387
  },
  "firstContentfulPaint": 1464.986,
  "speedIndex": 2432.8098525803734,
  "largestContentfulPaint": 2432.9170000000004,
  "totalBlockingTime": 65.5,
  "cumulativeLayoutShift": 0.0025019073486328126,
  "timeToInteractive": 4160.494000000001,
  "maxPotentialFirstInputDelay": 113,
  "timeToFirstByte": 356.6189999999999,
  "weight": {
    "summary": "31 requests • 297 KiB",
    "total": 303855,
    "image": 56298,
    "imageCount": 7,
    "script": 155217,
    "scriptCount": 12,
    "document": 39783,
    "font": 47937,
    "fontCount": 4,
    "stylesheet": 0,
    "stylesheetCount": 0,
    "thirdParty": 154650,
    "thirdPartyCount": 23
  },
  "axe": {
    "passes": 1000,
    "violations": 1
  }
}