{
  "url": "https://www.netlify.com/privacy/",
  "requestedUrl": "https://www.netlify.com/privacy/",
  "timestamp": 1608272080134,
  "ranks": {
    "hundos": 2,
    "performance": 6,
    "accessibility": 4,
    "cumulative": 2
  },
  "lighthouse": {
    "version": "6.5.0",
    "performance": 0.98,
    "accessibility": 1,
    "bestPractices": 1,
    "seo": 1,
    "total": 398
  },
  "firstContentfulPaint": 1434.9450000000002,
  "speedIndex": 1533.6081539999905,
  "largestContentfulPaint": 1852.308,
  "totalBlockingTime": 33.99999999999977,
  "cumulativeLayoutShift": 0.00013855743408203123,
  "timeToInteractive": 3692.355499999999,
  "maxPotentialFirstInputDelay": 90.99999999999955,
  "timeToFirstByte": 203.03900000000002,
  "weight": {
    "summary": "30 requests • 240 KiB",
    "total": 245718,
    "image": 5199,
    "imageCount": 6,
    "script": 155264,
    "scriptCount": 12,
    "document": 39656,
    "font": 40975,
    "fontCount": 4,
    "stylesheet": 0,
    "stylesheetCount": 0,
    "thirdParty": 154686,
    "thirdPartyCount": 23
  },
  "run": {
    "number": 3,
    "total": 3
  },
  "axe": {
    "passes": 1015,
    "violations": 1
  }
}