{
  "url": "https://www.netlify.com/privacy/",
  "requestedUrl": "https://www.netlify.com/privacy/",
  "timestamp": 1609049646798,
  "ranks": {
    "hundos": 2,
    "performance": 5,
    "accessibility": 4,
    "cumulative": 2
  },
  "lighthouse": {
    "version": "6.5.0",
    "performance": 0.96,
    "accessibility": 1,
    "bestPractices": 1,
    "seo": 1,
    "total": 396
  },
  "firstContentfulPaint": 1317.176,
  "speedIndex": 1317.176,
  "largestContentfulPaint": 2231.97,
  "totalBlockingTime": 143,
  "cumulativeLayoutShift": 0.00236981201171875,
  "timeToInteractive": 4347.268999999999,
  "maxPotentialFirstInputDelay": 224,
  "timeToFirstByte": 66.38300000000001,
  "weight": {
    "summary": "34 requests • 326 KiB",
    "total": 334062,
    "image": 5328,
    "imageCount": 7,
    "script": 242685,
    "scriptCount": 14,
    "document": 39875,
    "font": 40975,
    "fontCount": 4,
    "stylesheet": 0,
    "stylesheetCount": 0,
    "thirdParty": 242324,
    "thirdPartyCount": 27
  },
  "run": {
    "number": 3,
    "total": 3
  },
  "axe": {
    "passes": 1015,
    "violations": 2
  }
}