{
  "url": "https://www.netlify.com/privacy/",
  "requestedUrl": "https://www.netlify.com/privacy/",
  "timestamp": 1609222587741,
  "ranks": {
    "hundos": 4,
    "performance": 6,
    "accessibility": 4,
    "cumulative": 4
  },
  "lighthouse": {
    "version": "6.5.0",
    "performance": 0.97,
    "accessibility": 1,
    "bestPractices": 1,
    "seo": 1,
    "total": 397
  },
  "firstContentfulPaint": 1036.821,
  "speedIndex": 1036.821,
  "largestContentfulPaint": 2057.072,
  "totalBlockingTime": 95.5,
  "cumulativeLayoutShift": 0.00013855743408203123,
  "timeToInteractive": 4374.351000000001,
  "maxPotentialFirstInputDelay": 205,
  "timeToFirstByte": 13.791000000000004,
  "weight": {
    "summary": "34 requests • 326 KiB",
    "total": 334118,
    "image": 5477,
    "imageCount": 7,
    "script": 242732,
    "scriptCount": 14,
    "document": 39876,
    "font": 41008,
    "fontCount": 4,
    "stylesheet": 0,
    "stylesheetCount": 0,
    "thirdParty": 242195,
    "thirdPartyCount": 27
  },
  "run": {
    "number": 3,
    "total": 3
  },
  "axe": {
    "passes": 1015,
    "violations": 2
  }
}