{
  "url": "https://www.netlify.com/privacy/",
  "requestedUrl": "https://www.netlify.com/privacy/",
  "timestamp": 1604729740254,
  "ranks": {
    "hundos": 3,
    "performance": 2,
    "accessibility": 3,
    "cumulative": 3
  },
  "lighthouse": {
    "version": "6.4.1",
    "performance": 0.98,
    "accessibility": 1,
    "bestPractices": 1,
    "seo": 0.92,
    "total": 390
  },
  "firstContentfulPaint": 1106.4560000000001,
  "speedIndex": 1110.131222498858,
  "largestContentfulPaint": 1774.8010000000002,
  "totalBlockingTime": 110,
  "cumulativeLayoutShift": 0,
  "timeToInteractive": 3851.8680000000004,
  "maxPotentialFirstInputDelay": 90,
  "timeToFirstByte": 161.55,
  "weight": {
    "summary": "30 requests • 230 KiB",
    "total": 235012,
    "image": 5176,
    "imageCount": 6,
    "script": 151455,
    "scriptCount": 12,
    "document": 25777,
    "font": 47914,
    "fontCount": 4,
    "stylesheet": 0,
    "stylesheetCount": 0,
    "thirdParty": 151686,
    "thirdPartyCount": 23
  },
  "axe": {
    "passes": 946,
    "violations": 0
  }
}