{
  "url": "https://www.netlify.com/privacy/",
  "requestedUrl": "https://www.netlify.com/privacy/",
  "timestamp": 1609481528165,
  "ranks": {
    "hundos": 4,
    "performance": 12,
    "accessibility": 4,
    "cumulative": 4
  },
  "lighthouse": {
    "version": "6.5.0",
    "performance": 0.96,
    "accessibility": 1,
    "bestPractices": 1,
    "seo": 1,
    "total": 396
  },
  "firstContentfulPaint": 1561.7990000000004,
  "speedIndex": 1757.3895019999884,
  "largestContentfulPaint": 2236.5980000000004,
  "totalBlockingTime": 171,
  "cumulativeLayoutShift": 0.0024897174835205077,
  "timeToInteractive": 4456.876,
  "maxPotentialFirstInputDelay": 256,
  "timeToFirstByte": 258.5,
  "weight": {
    "summary": "34 requests • 326 KiB",
    "total": 333583,
    "image": 5323,
    "imageCount": 7,
    "script": 242674,
    "scriptCount": 14,
    "document": 39864,
    "font": 40966,
    "fontCount": 4,
    "stylesheet": 0,
    "stylesheetCount": 0,
    "thirdParty": 241870,
    "thirdPartyCount": 27
  },
  "run": {
    "number": 1,
    "total": 3
  },
  "axe": {
    "passes": 1015,
    "violations": 2
  }
}