{
  "url": "https://www.netlify.com/privacy/",
  "requestedUrl": "https://www.netlify.com/privacy/",
  "timestamp": 1608963191429,
  "ranks": {
    "hundos": 4,
    "performance": 8,
    "accessibility": 4,
    "cumulative": 4
  },
  "lighthouse": {
    "version": "6.5.0",
    "performance": 0.97,
    "accessibility": 1,
    "bestPractices": 1,
    "seo": 1,
    "total": 397
  },
  "firstContentfulPaint": 1247.352,
  "speedIndex": 1247.352,
  "largestContentfulPaint": 2209.199,
  "totalBlockingTime": 121,
  "cumulativeLayoutShift": 0.00013855743408203123,
  "timeToInteractive": 4328.0419999999995,
  "maxPotentialFirstInputDelay": 204,
  "timeToFirstByte": 61.652000000000015,
  "weight": {
    "summary": "34 requests • 326 KiB",
    "total": 333748,
    "image": 5477,
    "imageCount": 7,
    "script": 242683,
    "scriptCount": 14,
    "document": 39876,
    "font": 40945,
    "fontCount": 4,
    "stylesheet": 0,
    "stylesheetCount": 0,
    "thirdParty": 241890,
    "thirdPartyCount": 27
  },
  "run": {
    "number": 3,
    "total": 3
  },
  "axe": {
    "passes": 1015,
    "violations": 2
  }
}