{
  "url": "https://www.netlify.com/privacy/",
  "requestedUrl": "https://www.netlify.com/privacy/",
  "timestamp": 1607926490698,
  "ranks": {
    "hundos": 5,
    "performance": 7,
    "accessibility": 4,
    "cumulative": 4
  },
  "lighthouse": {
    "version": "6.5.0",
    "performance": 0.98,
    "accessibility": 1,
    "bestPractices": 1,
    "seo": 0.92,
    "total": 390
  },
  "firstContentfulPaint": 1269.0589999999997,
  "speedIndex": 1269.0589999999997,
  "largestContentfulPaint": 1752.6200000000001,
  "totalBlockingTime": 13.000000000000455,
  "cumulativeLayoutShift": 0.00027065277099609376,
  "timeToInteractive": 3695.9205,
  "maxPotentialFirstInputDelay": 60.000000000000455,
  "timeToFirstByte": 214.42399999999998,
  "weight": {
    "summary": "30 requests • 247 KiB",
    "total": 252616,
    "image": 5199,
    "imageCount": 6,
    "script": 155216,
    "scriptCount": 12,
    "document": 39615,
    "font": 47917,
    "fontCount": 4,
    "stylesheet": 0,
    "stylesheetCount": 0,
    "thirdParty": 154696,
    "thirdPartyCount": 23
  },
  "run": {
    "number": 3,
    "total": 3
  },
  "axe": {
    "passes": 1014,
    "violations": 1
  }
}