{
  "url": "https://www.netlify.com/privacy/",
  "requestedUrl": "https://www.netlify.com/privacy/",
  "timestamp": 1608099176710,
  "ranks": {
    "hundos": 1,
    "performance": 4,
    "accessibility": 4,
    "cumulative": 1
  },
  "lighthouse": {
    "version": "6.5.0",
    "performance": 0.98,
    "accessibility": 1,
    "bestPractices": 1,
    "seo": 1,
    "total": 398
  },
  "firstContentfulPaint": 1399.7400000000002,
  "speedIndex": 1399.7400000000002,
  "largestContentfulPaint": 1806.0130000000004,
  "totalBlockingTime": 23,
  "cumulativeLayoutShift": 0.00013855743408203123,
  "timeToInteractive": 3695.6980000000003,
  "maxPotentialFirstInputDelay": 76,
  "timeToFirstByte": 208.608,
  "weight": {
    "summary": "30 requests • 240 KiB",
    "total": 246039,
    "image": 5176,
    "imageCount": 6,
    "script": 155246,
    "scriptCount": 12,
    "document": 39627,
    "font": 40968,
    "fontCount": 4,
    "stylesheet": 0,
    "stylesheetCount": 0,
    "thirdParty": 155082,
    "thirdPartyCount": 23
  },
  "run": {
    "number": 2,
    "total": 3
  },
  "axe": {
    "passes": 1015,
    "violations": 1
  }
}