{
  "url": "https://www.netlify.com/privacy/",
  "requestedUrl": "https://www.netlify.com/privacy/",
  "timestamp": 1606975617765,
  "ranks": {
    "hundos": 2,
    "performance": 5,
    "accessibility": 3,
    "cumulative": 2
  },
  "lighthouse": {
    "version": "6.5.0",
    "performance": 0.98,
    "accessibility": 1,
    "bestPractices": 1,
    "seo": 1,
    "total": 398
  },
  "firstContentfulPaint": 1038.7559999999999,
  "speedIndex": 1112.897580244999,
  "largestContentfulPaint": 1780.9234999999994,
  "totalBlockingTime": 59,
  "cumulativeLayoutShift": 0,
  "timeToInteractive": 3762.3375,
  "maxPotentialFirstInputDelay": 94,
  "timeToFirstByte": 171.122,
  "weight": {
    "summary": "31 requests • 288 KiB",
    "total": 295340,
    "image": 48679,
    "imageCount": 7,
    "script": 154100,
    "scriptCount": 12,
    "document": 39773,
    "font": 47913,
    "fontCount": 4,
    "stylesheet": 0,
    "stylesheetCount": 0,
    "thirdParty": 153789,
    "thirdPartyCount": 23
  },
  "axe": {
    "passes": 1000,
    "violations": 1
  }
}