{
  "url": "https://www.netlify.com/privacy/",
  "requestedUrl": "https://www.netlify.com/privacy/",
  "timestamp": 1608617439892,
  "ranks": {
    "hundos": 7,
    "performance": 15,
    "accessibility": 4,
    "cumulative": 7
  },
  "lighthouse": {
    "version": "6.5.0",
    "performance": 0.93,
    "accessibility": 1,
    "bestPractices": 1,
    "seo": 1,
    "total": 393
  },
  "firstContentfulPaint": 1656.5090000000002,
  "speedIndex": 2902.108321960141,
  "largestContentfulPaint": 2499.567,
  "totalBlockingTime": 117,
  "cumulativeLayoutShift": 0.00236981201171875,
  "timeToInteractive": 4933.86,
  "maxPotentialFirstInputDelay": 232,
  "timeToFirstByte": 466.34099999999995,
  "weight": {
    "summary": "34 requests • 326 KiB",
    "total": 333861,
    "image": 5320,
    "imageCount": 7,
    "script": 242714,
    "scriptCount": 14,
    "document": 39865,
    "font": 40943,
    "fontCount": 4,
    "stylesheet": 0,
    "stylesheetCount": 0,
    "thirdParty": 242130,
    "thirdPartyCount": 27
  },
  "run": {
    "number": 1,
    "total": 3
  },
  "axe": {
    "passes": 1015,
    "violations": 2
  }
}