{
  "url": "https://www.netlify.com/privacy/",
  "requestedUrl": "https://www.netlify.com/privacy/",
  "timestamp": 1609135934284,
  "ranks": {
    "hundos": 4,
    "performance": 11,
    "accessibility": 4,
    "cumulative": 4
  },
  "lighthouse": {
    "version": "6.5.0",
    "performance": 0.96,
    "accessibility": 1,
    "bestPractices": 1,
    "seo": 1,
    "total": 396
  },
  "firstContentfulPaint": 1300.985,
  "speedIndex": 1300.985,
  "largestContentfulPaint": 2208.258,
  "totalBlockingTime": 190.5,
  "cumulativeLayoutShift": 0.00236981201171875,
  "timeToInteractive": 4487.034,
  "maxPotentialFirstInputDelay": 279,
  "timeToFirstByte": 61.448999999999984,
  "weight": {
    "summary": "34 requests • 326 KiB",
    "total": 333563,
    "image": 5326,
    "imageCount": 7,
    "script": 242650,
    "scriptCount": 14,
    "document": 39875,
    "font": 40952,
    "fontCount": 4,
    "stylesheet": 0,
    "stylesheetCount": 0,
    "thirdParty": 241849,
    "thirdPartyCount": 27
  },
  "run": {
    "number": 2,
    "total": 3
  },
  "axe": {
    "passes": 1015,
    "violations": 2
  }
}