{
  "url": "https://www.netlify.com/privacy/",
  "requestedUrl": "https://www.netlify.com/privacy/",
  "timestamp": 1606025590097,
  "ranks": {
    "hundos": 1,
    "performance": 3,
    "accessibility": 3,
    "cumulative": 1
  },
  "lighthouse": {
    "version": "6.4.1",
    "performance": 0.98,
    "accessibility": 1,
    "bestPractices": 1,
    "seo": 1,
    "total": 398
  },
  "firstContentfulPaint": 983.2640000000001,
  "speedIndex": 1070.7900758699975,
  "largestContentfulPaint": 1822.5015000000003,
  "totalBlockingTime": 25,
  "cumulativeLayoutShift": 0,
  "timeToInteractive": 3738.5600000000004,
  "maxPotentialFirstInputDelay": 79,
  "timeToFirstByte": 153.89100000000002,
  "weight": {
    "summary": "31 requests • 288 KiB",
    "total": 294929,
    "image": 48678,
    "imageCount": 7,
    "script": 153554,
    "scriptCount": 12,
    "document": 40030,
    "font": 47914,
    "fontCount": 4,
    "stylesheet": 0,
    "stylesheetCount": 0,
    "thirdParty": 153265,
    "thirdPartyCount": 23
  },
  "axe": {
    "passes": 1000,
    "violations": 1
  }
}