{
  "url": "https://www.netlify.com/privacy/",
  "requestedUrl": "https://www.netlify.com/privacy/",
  "timestamp": 1607321481439,
  "ranks": {
    "hundos": 3,
    "performance": 8,
    "accessibility": 3,
    "cumulative": 3
  },
  "lighthouse": {
    "version": "6.5.0",
    "performance": 0.97,
    "accessibility": 1,
    "bestPractices": 1,
    "seo": 1,
    "total": 397
  },
  "firstContentfulPaint": 1138.2109999999998,
  "speedIndex": 1138.2109999999998,
  "largestContentfulPaint": 2177.8189999999995,
  "totalBlockingTime": 15,
  "cumulativeLayoutShift": 0,
  "timeToInteractive": 3837.7754999999997,
  "maxPotentialFirstInputDelay": 70,
  "timeToFirstByte": 45.52099999999999,
  "weight": {
    "summary": "31 requests • 289 KiB",
    "total": 295548,
    "image": 48813,
    "imageCount": 7,
    "script": 154134,
    "scriptCount": 12,
    "document": 40020,
    "font": 47916,
    "fontCount": 4,
    "stylesheet": 0,
    "stylesheetCount": 0,
    "thirdParty": 153764,
    "thirdPartyCount": 23
  },
  "axe": {
    "passes": 1000,
    "violations": 1
  }
}