{
  "url": "https://www.netlify.com/privacy/",
  "requestedUrl": "https://www.netlify.com/privacy/",
  "timestamp": 1605075113499,
  "ranks": {
    "hundos": 9,
    "performance": 17,
    "accessibility": 3,
    "cumulative": 8
  },
  "lighthouse": {
    "version": "6.4.1",
    "performance": 0.95,
    "accessibility": 1,
    "bestPractices": 1,
    "seo": 1,
    "total": 395
  },
  "firstContentfulPaint": 1268.936,
  "speedIndex": 1268.936,
  "largestContentfulPaint": 2811.792999999999,
  "totalBlockingTime": 54,
  "cumulativeLayoutShift": 0.00301318359375,
  "timeToInteractive": 3543.044999999999,
  "maxPotentialFirstInputDelay": 85,
  "timeToFirstByte": 153.33499999999998,
  "weight": {
    "summary": "30 requests • 229 KiB",
    "total": 234908,
    "image": 5153,
    "imageCount": 6,
    "script": 151329,
    "scriptCount": 12,
    "document": 25868,
    "font": 47914,
    "fontCount": 4,
    "stylesheet": 0,
    "stylesheetCount": 0,
    "thirdParty": 151536,
    "thirdPartyCount": 23
  },
  "axe": {
    "passes": 956,
    "violations": 1
  }
}