{
  "url": "https://www.netlify.com/privacy/",
  "requestedUrl": "https://www.netlify.com/privacy/",
  "timestamp": 1609654783005,
  "ranks": {
    "hundos": 4,
    "performance": 14,
    "accessibility": 4,
    "cumulative": 5
  },
  "lighthouse": {
    "version": "6.5.0",
    "performance": 0.92,
    "accessibility": 1,
    "bestPractices": 1,
    "seo": 1,
    "total": 392
  },
  "firstContentfulPaint": 1115.4769999999999,
  "speedIndex": 1496.6650441126574,
  "largestContentfulPaint": 1407.239,
  "totalBlockingTime": 347.49999999999955,
  "cumulativeLayoutShift": 0.00013855743408203123,
  "timeToInteractive": 5028.364,
  "maxPotentialFirstInputDelay": 279.99999999999955,
  "timeToFirstByte": 383.41200000000003,
  "weight": {
    "summary": "32 requests • 308 KiB",
    "total": 315101,
    "image": 5172,
    "imageCount": 6,
    "script": 224315,
    "scriptCount": 13,
    "document": 39867,
    "font": 40979,
    "fontCount": 4,
    "stylesheet": 0,
    "stylesheetCount": 0,
    "thirdParty": 223393,
    "thirdPartyCount": 25
  },
  "run": {
    "number": 3,
    "total": 3
  },
  "axe": {
    "passes": 1015,
    "violations": 2
  }
}