{
  "url": "https://www.netlify.com/with/sitecore/",
  "requestedUrl": "https://www.netlify.com/with/sitecore/",
  "timestamp": 1608531139314,
  "ranks": {
    "hundos": 9,
    "performance": 14,
    "accessibility": 10,
    "cumulative": 9
  },
  "lighthouse": {
    "version": "6.5.0",
    "performance": 0.95,
    "accessibility": 0.98,
    "bestPractices": 1,
    "seo": 1,
    "total": 393
  },
  "firstContentfulPaint": 1273.351,
  "speedIndex": 1273.351,
  "largestContentfulPaint": 2224.3250000000003,
  "totalBlockingTime": 185.5,
  "cumulativeLayoutShift": 0.06037369791666666,
  "timeToInteractive": 4993.904,
  "maxPotentialFirstInputDelay": 243,
  "timeToFirstByte": 170.03,
  "weight": {
    "summary": "36 requests • 453 KiB",
    "total": 464210,
    "image": 89565,
    "imageCount": 8,
    "script": 242802,
    "scriptCount": 14,
    "document": 73749,
    "font": 53139,
    "fontCount": 5,
    "stylesheet": 0,
    "stylesheetCount": 0,
    "thirdParty": 242118,
    "thirdPartyCount": 27
  },
  "run": {
    "number": 3,
    "total": 3
  },
  "axe": {
    "passes": 1357,
    "violations": 2
  }
}