{
  "url": "https://www.netlify.com/with/sitecore/",
  "requestedUrl": "https://www.netlify.com/with/sitecore/",
  "timestamp": 1607148518085,
  "ranks": {
    "hundos": 9,
    "performance": 14,
    "accessibility": 9,
    "cumulative": 9
  },
  "lighthouse": {
    "version": "6.5.0",
    "performance": 0.96,
    "accessibility": 0.98,
    "bestPractices": 1,
    "seo": 1,
    "total": 394
  },
  "firstContentfulPaint": 1321.549,
  "speedIndex": 2157.6538089332726,
  "largestContentfulPaint": 2276.6410000000005,
  "totalBlockingTime": 66.5,
  "cumulativeLayoutShift": 0.05471733940972222,
  "timeToInteractive": 4013.811,
  "maxPotentialFirstInputDelay": 84,
  "timeToFirstByte": 207.577,
  "weight": {
    "summary": "33 requests • 416 KiB",
    "total": 425803,
    "image": 133091,
    "imageCount": 8,
    "script": 154298,
    "scriptCount": 12,
    "document": 73663,
    "font": 60111,
    "fontCount": 5,
    "stylesheet": 0,
    "stylesheetCount": 0,
    "thirdParty": 153754,
    "thirdPartyCount": 23
  },
  "axe": {
    "passes": 1343,
    "violations": 1
  }
}