{
  "url": "https://www.netlify.com/with/sitecore/",
  "requestedUrl": "https://www.netlify.com/with/sitecore/",
  "timestamp": 1604556693984,
  "ranks": {
    "hundos": 12,
    "performance": 13,
    "accessibility": 9,
    "cumulative": 11
  },
  "lighthouse": {
    "version": "6.4.1",
    "performance": 0.96,
    "accessibility": 0.98,
    "bestPractices": 1,
    "seo": 0.92,
    "total": 386
  },
  "firstContentfulPaint": 1597.206,
  "speedIndex": 1597.206,
  "largestContentfulPaint": 2369.557,
  "totalBlockingTime": 121.34200000000033,
  "cumulativeLayoutShift": 0.00017333433363172742,
  "timeToInteractive": 4050.9939999999997,
  "maxPotentialFirstInputDelay": 188,
  "timeToFirstByte": 11.314999999999998,
  "weight": {
    "summary": "33 requests • 358 KiB",
    "total": 366855,
    "image": 89487,
    "imageCount": 7,
    "script": 151502,
    "scriptCount": 12,
    "document": 61037,
    "font": 60124,
    "fontCount": 5,
    "stylesheet": 0,
    "stylesheetCount": 0,
    "thirdParty": 152255,
    "thirdPartyCount": 24
  },
  "axe": {
    "passes": 1308,
    "violations": 2
  }
}