{
  "url": "https://www.netlify.com/with/sitecore/",
  "requestedUrl": "https://www.netlify.com/with/sitecore/",
  "timestamp": 1608099271263,
  "ranks": {
    "hundos": 15,
    "performance": 19,
    "accessibility": 9,
    "cumulative": 14
  },
  "lighthouse": {
    "version": "6.5.0",
    "performance": 0.88,
    "accessibility": 0.98,
    "bestPractices": 1,
    "seo": 1,
    "total": 386
  },
  "firstContentfulPaint": 2191.512,
  "speedIndex": 2812.162485292121,
  "largestContentfulPaint": 2953.5150000000003,
  "totalBlockingTime": 36,
  "cumulativeLayoutShift": 0.22720477125379773,
  "timeToInteractive": 4805.884,
  "maxPotentialFirstInputDelay": 96,
  "timeToFirstByte": 161.87400000000002,
  "weight": {
    "summary": "32 requests • 368 KiB",
    "total": 376458,
    "image": 89428,
    "imageCount": 7,
    "script": 155388,
    "scriptCount": 12,
    "document": 73792,
    "font": 53169,
    "fontCount": 5,
    "stylesheet": 0,
    "stylesheetCount": 0,
    "thirdParty": 154795,
    "thirdPartyCount": 23
  },
  "run": {
    "number": 3,
    "total": 3
  },
  "axe": {
    "passes": 1358,
    "violations": 1
  }
}