{
  "url": "https://www.netlify.com/with/sitecore/",
  "requestedUrl": "https://www.netlify.com/with/sitecore/",
  "timestamp": 1609308905153,
  "ranks": {
    "hundos": 9,
    "performance": 15,
    "accessibility": 8,
    "cumulative": 9
  },
  "lighthouse": {
    "version": "6.5.0",
    "performance": 0.95,
    "accessibility": 0.98,
    "bestPractices": 1,
    "seo": 1,
    "total": 393
  },
  "firstContentfulPaint": 1334.926,
  "speedIndex": 1797.7409259203055,
  "largestContentfulPaint": 2284.992,
  "totalBlockingTime": 100.5,
  "cumulativeLayoutShift": 0.05558894856770833,
  "timeToInteractive": 5116.8555,
  "maxPotentialFirstInputDelay": 206,
  "timeToFirstByte": 202.63599999999997,
  "weight": {
    "summary": "36 requests • 454 KiB",
    "total": 464519,
    "image": 89574,
    "imageCount": 8,
    "script": 242804,
    "scriptCount": 14,
    "document": 73970,
    "font": 53169,
    "fontCount": 5,
    "stylesheet": 0,
    "stylesheetCount": 0,
    "thirdParty": 242164,
    "thirdPartyCount": 27
  },
  "run": {
    "number": 3,
    "total": 3
  },
  "axe": {
    "passes": 1358,
    "violations": 2
  }
}