{
  "url": "https://www.netlify.com/with/sitecore/",
  "requestedUrl": "https://www.netlify.com/with/sitecore/",
  "timestamp": 1609395373214,
  "ranks": {
    "hundos": 8,
    "performance": 10,
    "accessibility": 8,
    "cumulative": 8
  },
  "lighthouse": {
    "version": "6.5.0",
    "performance": 0.95,
    "accessibility": 0.98,
    "bestPractices": 1,
    "seo": 1,
    "total": 393
  },
  "firstContentfulPaint": 1589.607,
  "speedIndex": 1825.8983176228737,
  "largestContentfulPaint": 2174.2439999999997,
  "totalBlockingTime": 201.5,
  "cumulativeLayoutShift": 0.062296990288628465,
  "timeToInteractive": 4824.0855,
  "maxPotentialFirstInputDelay": 261,
  "timeToFirstByte": 193.75400000000002,
  "weight": {
    "summary": "36 requests • 453 KiB",
    "total": 464300,
    "image": 89517,
    "imageCount": 8,
    "script": 242867,
    "scriptCount": 14,
    "document": 73968,
    "font": 53167,
    "fontCount": 5,
    "stylesheet": 0,
    "stylesheetCount": 0,
    "thirdParty": 242009,
    "thirdPartyCount": 27
  },
  "run": {
    "number": 2,
    "total": 3
  },
  "axe": {
    "passes": 1358,
    "violations": 2
  }
}