{
  "url": "https://www.netlify.com/with/sitecore/",
  "requestedUrl": "https://www.netlify.com/with/sitecore/",
  "timestamp": 1605507110736,
  "ranks": {
    "hundos": 9,
    "performance": 16,
    "accessibility": 9,
    "cumulative": 8
  },
  "lighthouse": {
    "version": "6.4.1",
    "performance": 0.95,
    "accessibility": 0.98,
    "bestPractices": 1,
    "seo": 1,
    "total": 393
  },
  "firstContentfulPaint": 1585.587,
  "speedIndex": 2211.4111627631873,
  "largestContentfulPaint": 2501.752,
  "totalBlockingTime": 47,
  "cumulativeLayoutShift": 0.00301318359375,
  "timeToInteractive": 4120.785,
  "maxPotentialFirstInputDelay": 100,
  "timeToFirstByte": 213.997,
  "weight": {
    "summary": "32 requests • 359 KiB",
    "total": 367455,
    "image": 89443,
    "imageCount": 7,
    "script": 152555,
    "scriptCount": 12,
    "document": 60531,
    "font": 60106,
    "fontCount": 5,
    "stylesheet": 0,
    "stylesheetCount": 0,
    "thirdParty": 152801,
    "thirdPartyCount": 23
  },
  "axe": {
    "passes": 1308,
    "violations": 2
  }
}