{
  "url": "https://www.netlify.com/with/sitecore/",
  "requestedUrl": "https://www.netlify.com/with/sitecore/",
  "timestamp": 1606975711599,
  "ranks": {
    "hundos": 7,
    "performance": 12,
    "accessibility": 9,
    "cumulative": 6
  },
  "lighthouse": {
    "version": "6.5.0",
    "performance": 0.97,
    "accessibility": 0.98,
    "bestPractices": 1,
    "seo": 1,
    "total": 395
  },
  "firstContentfulPaint": 1402.127,
  "speedIndex": 1977.6828968278655,
  "largestContentfulPaint": 2247.2495,
  "totalBlockingTime": 78,
  "cumulativeLayoutShift": 0.049775933159722216,
  "timeToInteractive": 3928.929,
  "maxPotentialFirstInputDelay": 106,
  "timeToFirstByte": 240.769,
  "weight": {
    "summary": "33 requests • 416 KiB",
    "total": 425788,
    "image": 132978,
    "imageCount": 8,
    "script": 154258,
    "scriptCount": 12,
    "document": 73615,
    "font": 60084,
    "fontCount": 5,
    "stylesheet": 0,
    "stylesheetCount": 0,
    "thirdParty": 153834,
    "thirdPartyCount": 23
  },
  "axe": {
    "passes": 1343,
    "violations": 1
  }
}