{
  "url": "https://www.netlify.com/with/sitecore/",
  "requestedUrl": "https://www.netlify.com/with/sitecore/",
  "timestamp": 1608358153395,
  "ranks": {
    "hundos": 12,
    "performance": 19,
    "accessibility": 9,
    "cumulative": 12
  },
  "lighthouse": {
    "version": "6.5.0",
    "performance": 0.93,
    "accessibility": 0.98,
    "bestPractices": 1,
    "seo": 1,
    "total": 391
  },
  "firstContentfulPaint": 1628.26,
  "speedIndex": 1628.26,
  "largestContentfulPaint": 2364.3669999999997,
  "totalBlockingTime": 189.50000000000045,
  "cumulativeLayoutShift": 0.005656358506944445,
  "timeToInteractive": 5231.1,
  "maxPotentialFirstInputDelay": 271.0000000000009,
  "timeToFirstByte": 40.56099999999999,
  "weight": {
    "summary": "36 requests • 453 KiB",
    "total": 464193,
    "image": 89537,
    "imageCount": 8,
    "script": 242798,
    "scriptCount": 14,
    "document": 73757,
    "font": 53139,
    "fontCount": 5,
    "stylesheet": 0,
    "stylesheetCount": 0,
    "thirdParty": 242121,
    "thirdPartyCount": 27
  },
  "run": {
    "number": 2,
    "total": 3
  },
  "axe": {
    "passes": 1357,
    "violations": 2
  }
}