{
  "url": "https://www.netlify.com/with/sitecore/",
  "requestedUrl": "https://www.netlify.com/with/sitecore/",
  "timestamp": 1607926404992,
  "ranks": {
    "hundos": 11,
    "performance": 14,
    "accessibility": 9,
    "cumulative": 10
  },
  "lighthouse": {
    "version": "6.5.0",
    "performance": 0.96,
    "accessibility": 0.98,
    "bestPractices": 1,
    "seo": 0.92,
    "total": 386
  },
  "firstContentfulPaint": 1599.9210000000003,
  "speedIndex": 1599.9210000000003,
  "largestContentfulPaint": 2359.7050000000004,
  "totalBlockingTime": 12,
  "cumulativeLayoutShift": 0.05787434895833333,
  "timeToInteractive": 3948.576,
  "maxPotentialFirstInputDelay": 64,
  "timeToFirstByte": 43.107,
  "weight": {
    "summary": "32 requests • 374 KiB",
    "total": 383379,
    "image": 89408,
    "imageCount": 7,
    "script": 155349,
    "scriptCount": 12,
    "document": 73829,
    "font": 60108,
    "fontCount": 5,
    "stylesheet": 0,
    "stylesheetCount": 0,
    "thirdParty": 154760,
    "thirdPartyCount": 23
  },
  "run": {
    "number": 3,
    "total": 3
  },
  "axe": {
    "passes": 1357,
    "violations": 1
  }
}