{
  "url": "https://www.netlify.com/with/sitecore/",
  "requestedUrl": "https://www.netlify.com/with/sitecore/",
  "timestamp": 1608963105161,
  "ranks": {
    "hundos": 8,
    "performance": 15,
    "accessibility": 9,
    "cumulative": 8
  },
  "lighthouse": {
    "version": "6.5.0",
    "performance": 0.96,
    "accessibility": 0.98,
    "bestPractices": 1,
    "seo": 1,
    "total": 394
  },
  "firstContentfulPaint": 1438.23,
  "speedIndex": 1438.23,
  "largestContentfulPaint": 2224.407,
  "totalBlockingTime": 93,
  "cumulativeLayoutShift": 0.005491747538248698,
  "timeToInteractive": 4691.387500000001,
  "maxPotentialFirstInputDelay": 212,
  "timeToFirstByte": 14.033999999999999,
  "weight": {
    "summary": "36 requests • 454 KiB",
    "total": 464503,
    "image": 89687,
    "imageCount": 8,
    "script": 242814,
    "scriptCount": 14,
    "document": 73978,
    "font": 53195,
    "fontCount": 5,
    "stylesheet": 0,
    "stylesheetCount": 0,
    "thirdParty": 242003,
    "thirdPartyCount": 27
  },
  "run": {
    "number": 3,
    "total": 3
  },
  "axe": {
    "passes": 1358,
    "violations": 2
  }
}