{
  "url": "https://www.netlify.com/with/sitecore/",
  "requestedUrl": "https://www.netlify.com/with/sitecore/",
  "timestamp": 1606371093248,
  "ranks": {
    "hundos": 7,
    "performance": 8,
    "accessibility": 9,
    "cumulative": 6
  },
  "lighthouse": {
    "version": "6.4.1",
    "performance": 0.97,
    "accessibility": 0.98,
    "bestPractices": 1,
    "seo": 1,
    "total": 395
  },
  "firstContentfulPaint": 1450.484,
  "speedIndex": 1450.484,
  "largestContentfulPaint": 1918.2365,
  "totalBlockingTime": 41,
  "cumulativeLayoutShift": 0.09863779788547092,
  "timeToInteractive": 4212.69,
  "maxPotentialFirstInputDelay": 163,
  "timeToFirstByte": 41.40299999999999,
  "weight": {
    "summary": "33 requests • 415 KiB",
    "total": 425114,
    "image": 132979,
    "imageCount": 8,
    "script": 153874,
    "scriptCount": 12,
    "document": 73504,
    "font": 60075,
    "fontCount": 5,
    "stylesheet": 0,
    "stylesheetCount": 0,
    "thirdParty": 153283,
    "thirdPartyCount": 23
  },
  "axe": {
    "passes": 1339,
    "violations": 1
  }
}