{
  "url": "https://www.netlify.com/with/sitecore/",
  "requestedUrl": "https://www.netlify.com/with/sitecore/",
  "timestamp": 1609222329852,
  "ranks": {
    "hundos": 12,
    "performance": 19,
    "accessibility": 8,
    "cumulative": 12
  },
  "lighthouse": {
    "version": "6.5.0",
    "performance": 0.93,
    "accessibility": 0.98,
    "bestPractices": 1,
    "seo": 1,
    "total": 391
  },
  "firstContentfulPaint": 1522.4989999999998,
  "speedIndex": 1721.7194280375024,
  "largestContentfulPaint": 2453.517,
  "totalBlockingTime": 133,
  "cumulativeLayoutShift": 0.19217539109124082,
  "timeToInteractive": 4847.4155,
  "maxPotentialFirstInputDelay": 220,
  "timeToFirstByte": 61.30500000000001,
  "weight": {
    "summary": "36 requests • 453 KiB",
    "total": 464306,
    "image": 89566,
    "imageCount": 8,
    "script": 242817,
    "scriptCount": 14,
    "document": 73977,
    "font": 53174,
    "fontCount": 5,
    "stylesheet": 0,
    "stylesheetCount": 0,
    "thirdParty": 241947,
    "thirdPartyCount": 27
  },
  "run": {
    "number": 2,
    "total": 3
  },
  "axe": {
    "passes": 1358,
    "violations": 2
  }
}