{
  "url": "https://www.netlify.com/with/sitecore/",
  "requestedUrl": "https://www.netlify.com/with/sitecore/",
  "timestamp": 1607494612441,
  "ranks": {
    "hundos": 10,
    "performance": 11,
    "accessibility": 9,
    "cumulative": 10
  },
  "lighthouse": {
    "version": "6.5.0",
    "performance": 0.96,
    "accessibility": 0.98,
    "bestPractices": 1,
    "seo": 0.92,
    "total": 386
  },
  "firstContentfulPaint": 1405.951,
  "speedIndex": 1856.475577056686,
  "largestContentfulPaint": 2282.8989999999994,
  "totalBlockingTime": 115.49999999999955,
  "cumulativeLayoutShift": 0.05787434895833333,
  "timeToInteractive": 3953.1584999999986,
  "maxPotentialFirstInputDelay": 118,
  "timeToFirstByte": 220.026,
  "weight": {
    "summary": "33 requests • 417 KiB",
    "total": 426507,
    "image": 132981,
    "imageCount": 8,
    "script": 154910,
    "scriptCount": 12,
    "document": 73586,
    "font": 60132,
    "fontCount": 5,
    "stylesheet": 0,
    "stylesheetCount": 0,
    "thirdParty": 154536,
    "thirdPartyCount": 23
  },
  "axe": {
    "passes": 1343,
    "violations": 1
  }
}