{
  "url": "https://www.netlify.com/with/sitecore/",
  "requestedUrl": "https://www.netlify.com/with/sitecore/",
  "timestamp": 1607839755207,
  "ranks": {
    "hundos": 10,
    "performance": 9,
    "accessibility": 9,
    "cumulative": 10
  },
  "lighthouse": {
    "version": "6.5.0",
    "performance": 0.97,
    "accessibility": 0.98,
    "bestPractices": 1,
    "seo": 0.92,
    "total": 387
  },
  "firstContentfulPaint": 1315.756,
  "speedIndex": 1783.8601878169898,
  "largestContentfulPaint": 2290.94,
  "totalBlockingTime": 36.00000000000023,
  "cumulativeLayoutShift": 0.06432921589745415,
  "timeToInteractive": 4018.4530000000004,
  "maxPotentialFirstInputDelay": 94.00000000000045,
  "timeToFirstByte": 266.01,
  "weight": {
    "summary": "32 requests • 374 KiB",
    "total": 383383,
    "image": 89385,
    "imageCount": 7,
    "script": 155362,
    "scriptCount": 12,
    "document": 73820,
    "font": 60129,
    "fontCount": 5,
    "stylesheet": 0,
    "stylesheetCount": 0,
    "thirdParty": 154760,
    "thirdPartyCount": 23
  },
  "run": {
    "number": 2,
    "total": 3
  },
  "axe": {
    "passes": 1357,
    "violations": 1
  }
}