{
  "url": "https://www.netlify.com/with/sitecore/",
  "requestedUrl": "https://www.netlify.com/with/sitecore/",
  "timestamp": 1608617334414,
  "ranks": {
    "hundos": 8,
    "performance": 12,
    "accessibility": 8,
    "cumulative": 8
  },
  "lighthouse": {
    "version": "6.5.0",
    "performance": 0.94,
    "accessibility": 0.98,
    "bestPractices": 1,
    "seo": 1,
    "total": 392
  },
  "firstContentfulPaint": 1398.638,
  "speedIndex": 1642.581857468636,
  "largestContentfulPaint": 2282.778,
  "totalBlockingTime": 225.5,
  "cumulativeLayoutShift": 0.05558894856770833,
  "timeToInteractive": 4940.957499999999,
  "maxPotentialFirstInputDelay": 241.00000000000045,
  "timeToFirstByte": 261.30600000000004,
  "weight": {
    "summary": "36 requests • 454 KiB",
    "total": 464443,
    "image": 89630,
    "imageCount": 8,
    "script": 242851,
    "scriptCount": 14,
    "document": 73968,
    "font": 53164,
    "fontCount": 5,
    "stylesheet": 0,
    "stylesheetCount": 0,
    "thirdParty": 242111,
    "thirdPartyCount": 27
  },
  "run": {
    "number": 1,
    "total": 3
  },
  "axe": {
    "passes": 1358,
    "violations": 2
  }
}