{
  "url": "https://www.netlify.com/with/sitecore/",
  "requestedUrl": "https://www.netlify.com/with/sitecore/",
  "timestamp": 1609135837324,
  "ranks": {
    "hundos": 7,
    "performance": 15,
    "accessibility": 8,
    "cumulative": 8
  },
  "lighthouse": {
    "version": "6.5.0",
    "performance": 0.94,
    "accessibility": 0.98,
    "bestPractices": 1,
    "seo": 1,
    "total": 392
  },
  "firstContentfulPaint": 1600.54,
  "speedIndex": 1600.54,
  "largestContentfulPaint": 1843.6879999999999,
  "totalBlockingTime": 240.50000000000045,
  "cumulativeLayoutShift": 0.11863744778103298,
  "timeToInteractive": 5031.513000000001,
  "maxPotentialFirstInputDelay": 301.0000000000009,
  "timeToFirstByte": 14.760000000000005,
  "weight": {
    "summary": "36 requests • 453 KiB",
    "total": 464255,
    "image": 89509,
    "imageCount": 8,
    "script": 242787,
    "scriptCount": 14,
    "document": 73979,
    "font": 53146,
    "fontCount": 5,
    "stylesheet": 0,
    "stylesheetCount": 0,
    "thirdParty": 241979,
    "thirdPartyCount": 27
  },
  "run": {
    "number": 2,
    "total": 3
  },
  "axe": {
    "passes": 1358,
    "violations": 2
  }
}