{
  "url": "https://www.netlify.com/with/sitecore/",
  "requestedUrl": "https://www.netlify.com/with/sitecore/",
  "timestamp": 1605766459463,
  "ranks": {
    "hundos": 15,
    "performance": 17,
    "accessibility": 9,
    "cumulative": 15
  },
  "lighthouse": {
    "version": "6.4.1",
    "performance": 0.85,
    "accessibility": 0.98,
    "bestPractices": 1,
    "seo": 1,
    "total": 383
  },
  "firstContentfulPaint": 1592.062,
  "speedIndex": 2457.575972119035,
  "largestContentfulPaint": 3553.502,
  "totalBlockingTime": 24.5,
  "cumulativeLayoutShift": 0.3558607504102919,
  "timeToInteractive": 4306.992,
  "maxPotentialFirstInputDelay": 89,
  "timeToFirstByte": 323.15,
  "weight": {
    "summary": "34 requests • 424 KiB",
    "total": 434658,
    "image": 142082,
    "imageCount": 9,
    "script": 153647,
    "scriptCount": 12,
    "document": 73828,
    "font": 60113,
    "fontCount": 5,
    "stylesheet": 0,
    "stylesheetCount": 0,
    "thirdParty": 153549,
    "thirdPartyCount": 23
  },
  "axe": {
    "passes": 1339,
    "violations": 1
  }
}