{
  "url": "https://www.netlify.com/with/sitecore/",
  "requestedUrl": "https://www.netlify.com/with/sitecore/",
  "timestamp": 1609049552735,
  "ranks": {
    "hundos": 12,
    "performance": 15,
    "accessibility": 8,
    "cumulative": 12
  },
  "lighthouse": {
    "version": "6.5.0",
    "performance": 0.85,
    "accessibility": 0.98,
    "bestPractices": 1,
    "seo": 1,
    "total": 383
  },
  "firstContentfulPaint": 1710.394,
  "speedIndex": 1949.1915951448773,
  "largestContentfulPaint": 3590.3179999999998,
  "totalBlockingTime": 132,
  "cumulativeLayoutShift": 0.19217539109124082,
  "timeToInteractive": 5188.627,
  "maxPotentialFirstInputDelay": 258,
  "timeToFirstByte": 90.22299999999998,
  "weight": {
    "summary": "36 requests • 453 KiB",
    "total": 464296,
    "image": 89569,
    "imageCount": 8,
    "script": 242816,
    "scriptCount": 14,
    "document": 73979,
    "font": 53152,
    "fontCount": 5,
    "stylesheet": 0,
    "stylesheetCount": 0,
    "thirdParty": 241954,
    "thirdPartyCount": 27
  },
  "run": {
    "number": 3,
    "total": 3
  },
  "axe": {
    "passes": 1358,
    "violations": 2
  }
}