{
  "url": "https://www.netlify.com/with/sitecore/",
  "requestedUrl": "https://www.netlify.com/with/sitecore/",
  "timestamp": 1605593082960,
  "ranks": {
    "hundos": 18,
    "performance": 19,
    "accessibility": 9,
    "cumulative": 18
  },
  "lighthouse": {
    "version": "6.4.1",
    "performance": 0.87,
    "accessibility": 0.98,
    "bestPractices": 1,
    "seo": 1,
    "total": 385
  },
  "firstContentfulPaint": 1594.449999999999,
  "speedIndex": 6058.118605405059,
  "largestContentfulPaint": 2480.6979999999994,
  "totalBlockingTime": 67.5,
  "cumulativeLayoutShift": 0.00301318359375,
  "timeToInteractive": 4190.0925,
  "maxPotentialFirstInputDelay": 246,
  "timeToFirstByte": 341.9789999999998,
  "weight": {
    "summary": "32 requests • 359 KiB",
    "total": 367841,
    "image": 89503,
    "imageCount": 7,
    "script": 153052,
    "scriptCount": 12,
    "document": 60489,
    "font": 60106,
    "fontCount": 5,
    "stylesheet": 0,
    "stylesheetCount": 0,
    "thirdParty": 153215,
    "thirdPartyCount": 23
  },
  "axe": {
    "passes": 1296,
    "violations": 1
  }
}