{
  "url": "https://www.netlify.com/with/sitecore/",
  "requestedUrl": "https://www.netlify.com/with/sitecore/",
  "timestamp": 1606716866081,
  "ranks": {
    "hundos": 7,
    "performance": 9,
    "accessibility": 9,
    "cumulative": 6
  },
  "lighthouse": {
    "version": "6.4.1",
    "performance": 0.98,
    "accessibility": 0.98,
    "bestPractices": 1,
    "seo": 1,
    "total": 396
  },
  "firstContentfulPaint": 1434.198,
  "speedIndex": 1434.198,
  "largestContentfulPaint": 1676.7780000000002,
  "totalBlockingTime": 51,
  "cumulativeLayoutShift": 0.049775933159722216,
  "timeToInteractive": 3954.33,
  "maxPotentialFirstInputDelay": 110,
  "timeToFirstByte": 200.59799999999998,
  "weight": {
    "summary": "33 requests • 415 KiB",
    "total": 425350,
    "image": 132987,
    "imageCount": 8,
    "script": 153898,
    "scriptCount": 12,
    "document": 73499,
    "font": 60111,
    "fontCount": 5,
    "stylesheet": 0,
    "stylesheetCount": 0,
    "thirdParty": 153480,
    "thirdPartyCount": 23
  },
  "axe": {
    "passes": 1339,
    "violations": 1
  }
}