{
  "url": "https://www.netlify.com/with/sitecore/",
  "requestedUrl": "https://www.netlify.com/with/sitecore/",
  "timestamp": 1606803075199,
  "ranks": {
    "hundos": 10,
    "performance": 15,
    "accessibility": 9,
    "cumulative": 10
  },
  "lighthouse": {
    "version": "6.4.1",
    "performance": 0.96,
    "accessibility": 0.98,
    "bestPractices": 1,
    "seo": 1,
    "total": 394
  },
  "firstContentfulPaint": 1430.0799999999997,
  "speedIndex": 1430.0799999999997,
  "largestContentfulPaint": 2309.0269999999996,
  "totalBlockingTime": 86.38599999999974,
  "cumulativeLayoutShift": 0.049775933159722216,
  "timeToInteractive": 4006.7169999999996,
  "maxPotentialFirstInputDelay": 145.99999999999955,
  "timeToFirstByte": 13.333000000000006,
  "weight": {
    "summary": "33 requests • 416 KiB",
    "total": 425631,
    "image": 133087,
    "imageCount": 8,
    "script": 153845,
    "scriptCount": 12,
    "document": 73507,
    "font": 60117,
    "fontCount": 5,
    "stylesheet": 0,
    "stylesheetCount": 0,
    "thirdParty": 153802,
    "thirdPartyCount": 23
  },
  "axe": {
    "passes": 1339,
    "violations": 1
  }
}