{
  "url": "https://www.netlify.com/with/sitecore/",
  "requestedUrl": "https://www.netlify.com/with/sitecore/",
  "timestamp": 1604643101362,
  "ranks": {
    "hundos": 13,
    "performance": 12,
    "accessibility": 11,
    "cumulative": 13
  },
  "lighthouse": {
    "version": "6.4.1",
    "performance": 0.97,
    "accessibility": 0.97,
    "bestPractices": 1,
    "seo": 0.92,
    "total": 386
  },
  "firstContentfulPaint": 1449.8809999999999,
  "speedIndex": 1673.548593356535,
  "largestContentfulPaint": 2061.7699999999995,
  "totalBlockingTime": 65,
  "cumulativeLayoutShift": 0,
  "timeToInteractive": 4167.199,
  "maxPotentialFirstInputDelay": 159,
  "timeToFirstByte": 220.695,
  "weight": {
    "summary": "33 requests • 367 KiB",
    "total": 375512,
    "image": 98677,
    "imageCount": 8,
    "script": 151547,
    "scriptCount": 12,
    "document": 60488,
    "font": 60141,
    "fontCount": 5,
    "stylesheet": 0,
    "stylesheetCount": 0,
    "thirdParty": 151672,
    "thirdPartyCount": 23
  },
  "axe": {
    "passes": 1298,
    "violations": 1
  }
}