{
  "url": "https://www.netlify.com/with/sitecore/",
  "requestedUrl": "https://www.netlify.com/with/sitecore/",
  "timestamp": 1609481615659,
  "ranks": {
    "hundos": 11,
    "performance": 16,
    "accessibility": 8,
    "cumulative": 11
  },
  "lighthouse": {
    "version": "6.5.0",
    "performance": 0.93,
    "accessibility": 0.98,
    "bestPractices": 1,
    "seo": 1,
    "total": 391
  },
  "firstContentfulPaint": 1592.488,
  "speedIndex": 1592.488,
  "largestContentfulPaint": 2383.619,
  "totalBlockingTime": 233,
  "cumulativeLayoutShift": 0.005656358506944445,
  "timeToInteractive": 4887.075,
  "maxPotentialFirstInputDelay": 256,
  "timeToFirstByte": 13.350000000000001,
  "weight": {
    "summary": "36 requests • 460 KiB",
    "total": 471512,
    "image": 89621,
    "imageCount": 8,
    "script": 243177,
    "scriptCount": 14,
    "document": 80789,
    "font": 53144,
    "fontCount": 5,
    "stylesheet": 0,
    "stylesheetCount": 0,
    "thirdParty": 241944,
    "thirdPartyCount": 27
  },
  "run": {
    "number": 2,
    "total": 3
  },
  "axe": {
    "passes": 1358,
    "violations": 2
  }
}