{
  "url": "https://www.netlify.com/with/sitecore/",
  "requestedUrl": "https://www.netlify.com/with/sitecore/",
  "timestamp": 1604988577087,
  "ranks": {
    "hundos": 15,
    "performance": 17,
    "accessibility": 11,
    "cumulative": 15
  },
  "lighthouse": {
    "version": "6.4.1",
    "performance": 0.96,
    "accessibility": 0.97,
    "bestPractices": 1,
    "seo": 0.92,
    "total": 385
  },
  "firstContentfulPaint": 1431.034,
  "speedIndex": 1431.034,
  "largestContentfulPaint": 2350.4410000000003,
  "totalBlockingTime": 36.5,
  "cumulativeLayoutShift": 0,
  "timeToInteractive": 3958.2284999999993,
  "maxPotentialFirstInputDelay": 75,
  "timeToFirstByte": 167.122,
  "weight": {
    "summary": "33 requests • 367 KiB",
    "total": 375329,
    "image": 98455,
    "imageCount": 8,
    "script": 151555,
    "scriptCount": 12,
    "document": 60486,
    "font": 60126,
    "fontCount": 5,
    "stylesheet": 0,
    "stylesheetCount": 0,
    "thirdParty": 151688,
    "thirdPartyCount": 23
  },
  "axe": {
    "passes": 1298,
    "violations": 1
  }
}