{
  "url": "https://www.netlify.com/with/sitecore/",
  "requestedUrl": "https://www.netlify.com/with/sitecore/",
  "timestamp": 1606112115772,
  "ranks": {
    "hundos": 8,
    "performance": 14,
    "accessibility": 9,
    "cumulative": 8
  },
  "lighthouse": {
    "version": "6.4.1",
    "performance": 0.95,
    "accessibility": 0.98,
    "bestPractices": 1,
    "seo": 1,
    "total": 393
  },
  "firstContentfulPaint": 1631.9750000000001,
  "speedIndex": 1670.702586000004,
  "largestContentfulPaint": 2508.04,
  "totalBlockingTime": 26.5,
  "cumulativeLayoutShift": 0,
  "timeToInteractive": 4120.7964999999995,
  "maxPotentialFirstInputDelay": 74,
  "timeToFirstByte": 190.11299999999997,
  "weight": {
    "summary": "33 requests • 415 KiB",
    "total": 425235,
    "image": 132955,
    "imageCount": 8,
    "script": 153746,
    "scriptCount": 12,
    "document": 73781,
    "font": 60074,
    "fontCount": 5,
    "stylesheet": 0,
    "stylesheetCount": 0,
    "thirdParty": 153297,
    "thirdPartyCount": 23
  },
  "axe": {
    "passes": 1339,
    "violations": 1
  }
}