{
  "url": "https://www.netlify.com/with/sitecore/",
  "requestedUrl": "https://www.netlify.com/with/sitecore/",
  "timestamp": 1605161426917,
  "ranks": {
    "hundos": 9,
    "performance": 15,
    "accessibility": 9,
    "cumulative": 8
  },
  "lighthouse": {
    "version": "6.4.1",
    "performance": 0.96,
    "accessibility": 0.98,
    "bestPractices": 1,
    "seo": 1,
    "total": 394
  },
  "firstContentfulPaint": 1431.78,
  "speedIndex": 1431.78,
  "largestContentfulPaint": 2382.563,
  "totalBlockingTime": 32.5,
  "cumulativeLayoutShift": 0.00301318359375,
  "timeToInteractive": 3962.8444999999992,
  "maxPotentialFirstInputDelay": 76,
  "timeToFirstByte": 16.814999999999998,
  "weight": {
    "summary": "32 requests • 358 KiB",
    "total": 366758,
    "image": 89632,
    "imageCount": 7,
    "script": 151811,
    "scriptCount": 12,
    "document": 60532,
    "font": 60126,
    "fontCount": 5,
    "stylesheet": 0,
    "stylesheetCount": 0,
    "thirdParty": 151964,
    "thirdPartyCount": 23
  },
  "axe": {
    "passes": 1308,
    "violations": 2
  }
}