{
  "url": "https://jamstackconf.com/",
  "requestedUrl": "https://jamstackconf.com/",
  "timestamp": 1609135796506,
  "ranks": {
    "hundos": 14,
    "performance": 2,
    "accessibility": 18,
    "cumulative": 14
  },
  "lighthouse": {
    "version": "6.5.0",
    "performance": 1,
    "accessibility": 0.95,
    "bestPractices": 0.93,
    "seo": 1,
    "total": 388
  },
  "firstContentfulPaint": 910.5529999999999,
  "speedIndex": 1258.0659809235153,
  "largestContentfulPaint": 1766.1639999999998,
  "totalBlockingTime": 72.5,
  "cumulativeLayoutShift": 0,
  "timeToInteractive": 2353.461,
  "maxPotentialFirstInputDelay": 102,
  "timeToFirstByte": 8.825999999999993,
  "weight": {
    "summary": "16 requests • 175 KiB",
    "total": 178784,
    "image": 33953,
    "imageCount": 2,
    "script": 61444,
    "scriptCount": 3,
    "document": 12709,
    "font": 62840,
    "fontCount": 5,
    "stylesheet": 7244,
    "stylesheetCount": 3,
    "thirdParty": 124061,
    "thirdPartyCount": 11
  },
  "run": {
    "number": 1,
    "total": 3
  },
  "axe": {
    "passes": 770,
    "violations": 16
  }
}