{
  "url": "https://jamstackconf.com/",
  "requestedUrl": "https://jamstackconf.com/",
  "timestamp": 1607148862822,
  "ranks": {
    "hundos": 19,
    "performance": 19,
    "accessibility": 18,
    "cumulative": 19
  },
  "lighthouse": {
    "version": "6.5.0",
    "performance": 0.9,
    "accessibility": 0.95,
    "bestPractices": 0.93,
    "seo": 1,
    "total": 378
  },
  "firstContentfulPaint": 1516.1030000000003,
  "speedIndex": 3149.4207279028356,
  "largestContentfulPaint": 3288.6359999999995,
  "totalBlockingTime": 51,
  "cumulativeLayoutShift": 0,
  "timeToInteractive": 3438.706,
  "maxPotentialFirstInputDelay": 100,
  "timeToFirstByte": 159.91299999999995,
  "weight": {
    "summary": "16 requests • 174 KiB",
    "total": 178095,
    "image": 33930,
    "imageCount": 2,
    "script": 61128,
    "scriptCount": 3,
    "document": 12709,
    "font": 62841,
    "fontCount": 5,
    "stylesheet": 7212,
    "stylesheetCount": 3,
    "thirdParty": 123422,
    "thirdPartyCount": 11
  },
  "axe": {
    "passes": 770,
    "violations": 16
  }
}