{
  "url": "https://jamstackconf.com/",
  "requestedUrl": "https://jamstackconf.com/",
  "timestamp": 1608963233131,
  "ranks": {
    "hundos": 14,
    "performance": 2,
    "accessibility": 18,
    "cumulative": 14
  },
  "lighthouse": {
    "version": "6.5.0",
    "performance": 1,
    "accessibility": 0.95,
    "bestPractices": 0.93,
    "seo": 1,
    "total": 388
  },
  "firstContentfulPaint": 949.8939999999999,
  "speedIndex": 1261.811798464272,
  "largestContentfulPaint": 1623.624,
  "totalBlockingTime": 8.5,
  "cumulativeLayoutShift": 0,
  "timeToInteractive": 1993.944,
  "maxPotentialFirstInputDelay": 67,
  "timeToFirstByte": 21.150999999999996,
  "weight": {
    "summary": "16 requests • 175 KiB",
    "total": 178757,
    "image": 33952,
    "imageCount": 2,
    "script": 61415,
    "scriptCount": 3,
    "document": 12709,
    "font": 62842,
    "fontCount": 5,
    "stylesheet": 7245,
    "stylesheetCount": 3,
    "thirdParty": 124063,
    "thirdPartyCount": 11
  },
  "run": {
    "number": 3,
    "total": 3
  },
  "axe": {
    "passes": 770,
    "violations": 16
  }
}