{
  "url": "https://jamstackconf.com/",
  "requestedUrl": "https://jamstackconf.com/",
  "timestamp": 1607667075254,
  "ranks": {
    "hundos": 5,
    "performance": 1,
    "accessibility": 18,
    "cumulative": 5
  },
  "lighthouse": {
    "version": "6.5.0",
    "performance": 1,
    "accessibility": 0.95,
    "bestPractices": 0.93,
    "seo": 1,
    "total": 388
  },
  "firstContentfulPaint": 941.4900000000001,
  "speedIndex": 1260.728309355217,
  "largestContentfulPaint": 1619.741,
  "totalBlockingTime": 36,
  "cumulativeLayoutShift": 0,
  "timeToInteractive": 2327.5144999999998,
  "maxPotentialFirstInputDelay": 80,
  "timeToFirstByte": 25.286999999999992,
  "weight": {
    "summary": "16 requests • 175 KiB",
    "total": 179061,
    "image": 33937,
    "imageCount": 2,
    "script": 61437,
    "scriptCount": 3,
    "document": 12710,
    "font": 62841,
    "fontCount": 5,
    "stylesheet": 7542,
    "stylesheetCount": 3,
    "thirdParty": 124062,
    "thirdPartyCount": 11
  },
  "axe": {
    "passes": 770,
    "violations": 16
  }
}