{
  "url": "https://jamstackconf.com/",
  "requestedUrl": "https://jamstackconf.com/",
  "timestamp": 1604643060307,
  "ranks": {
    "hundos": 12,
    "performance": 2,
    "accessibility": 15,
    "cumulative": 12
  },
  "lighthouse": {
    "version": "6.4.1",
    "performance": 0.99,
    "accessibility": 0.95,
    "bestPractices": 0.93,
    "seo": 1,
    "total": 387
  },
  "firstContentfulPaint": 954.0880000000001,
  "speedIndex": 1182.40504429051,
  "largestContentfulPaint": 2146.158,
  "totalBlockingTime": 99.50000000000023,
  "cumulativeLayoutShift": 0,
  "timeToInteractive": 2409.3959999999997,
  "maxPotentialFirstInputDelay": 113,
  "timeToFirstByte": 28.687999999999988,
  "weight": {
    "summary": "16 requests • 175 KiB",
    "total": 179273,
    "image": 33896,
    "imageCount": 2,
    "script": 60767,
    "scriptCount": 3,
    "document": 13891,
    "font": 62833,
    "fontCount": 5,
    "stylesheet": 7271,
    "stylesheetCount": 3,
    "thirdParty": 123450,
    "thirdPartyCount": 11
  },
  "axe": {
    "passes": 769,
    "violations": 17
  }
}