{
  "url": "https://jamstackconf.com/",
  "requestedUrl": "https://jamstackconf.com/",
  "timestamp": 1604431300317,
  "ranks": {
    "hundos": 13,
    "performance": 11,
    "accessibility": 18,
    "cumulative": 13
  },
  "lighthouse": {
    "version": "6.4.1",
    "performance": 0.96,
    "accessibility": 0.95,
    "bestPractices": 0.93,
    "seo": 1,
    "total": 384
  },
  "firstContentfulPaint": 996.8329999999999,
  "speedIndex": 1288.637748119962,
  "largestContentfulPaint": 2816.7349999999997,
  "totalBlockingTime": 74,
  "cumulativeLayoutShift": 0,
  "timeToInteractive": 2372.6839999999997,
  "maxPotentialFirstInputDelay": 133,
  "timeToFirstByte": 99.214,
  "weight": {
    "summary": "16 requests • 176 KiB",
    "total": 179768,
    "image": 33939,
    "imageCount": 2,
    "script": 60898,
    "scriptCount": 3,
    "document": 13891,
    "font": 62864,
    "fontCount": 5,
    "stylesheet": 7561,
    "stylesheetCount": 3,
    "thirdParty": 123397,
    "thirdPartyCount": 11
  },
  "axe": {
    "passes": 769,
    "violations": 17
  }
}