{
  "url": "https://jamstackconf.com/",
  "requestedUrl": "https://jamstackconf.com/",
  "timestamp": 1609308866656,
  "ranks": {
    "hundos": 15,
    "performance": 3,
    "accessibility": 18,
    "cumulative": 15
  },
  "lighthouse": {
    "version": "6.5.0",
    "performance": 0.99,
    "accessibility": 0.95,
    "bestPractices": 0.93,
    "seo": 1,
    "total": 387
  },
  "firstContentfulPaint": 993.991,
  "speedIndex": 1263.627054000015,
  "largestContentfulPaint": 1917.4959999999996,
  "totalBlockingTime": 43,
  "cumulativeLayoutShift": 0,
  "timeToInteractive": 3078.8059999999996,
  "maxPotentialFirstInputDelay": 93,
  "timeToFirstByte": 17.75699999999999,
  "weight": {
    "summary": "16 requests • 174 KiB",
    "total": 178541,
    "image": 33910,
    "imageCount": 2,
    "script": 61437,
    "scriptCount": 3,
    "document": 12708,
    "font": 62841,
    "fontCount": 5,
    "stylesheet": 7231,
    "stylesheetCount": 3,
    "thirdParty": 123882,
    "thirdPartyCount": 11
  },
  "run": {
    "number": 2,
    "total": 3
  },
  "axe": {
    "passes": 770,
    "violations": 16
  }
}