{
  "url": "https://jamstackconf.com/",
  "requestedUrl": "https://jamstackconf.com/",
  "timestamp": 1607408636596,
  "ranks": {
    "hundos": 10,
    "performance": 3,
    "accessibility": 18,
    "cumulative": 10
  },
  "lighthouse": {
    "version": "6.5.0",
    "performance": 0.99,
    "accessibility": 0.95,
    "bestPractices": 0.93,
    "seo": 1,
    "total": 387
  },
  "firstContentfulPaint": 976.9930000000002,
  "speedIndex": 1178.7230941065568,
  "largestContentfulPaint": 1809.0560000000003,
  "totalBlockingTime": 88,
  "cumulativeLayoutShift": 0,
  "timeToInteractive": 2434.208,
  "maxPotentialFirstInputDelay": 134,
  "timeToFirstByte": 26.263000000000005,
  "weight": {
    "summary": "16 requests • 175 KiB",
    "total": 178754,
    "image": 33953,
    "imageCount": 2,
    "script": 61446,
    "scriptCount": 3,
    "document": 12709,
    "font": 62840,
    "fontCount": 5,
    "stylesheet": 7212,
    "stylesheetCount": 3,
    "thirdParty": 124052,
    "thirdPartyCount": 11
  },
  "axe": {
    "passes": 770,
    "violations": 16
  }
}