{
  "url": "https://jamstackconf.com/",
  "requestedUrl": "https://jamstackconf.com/",
  "timestamp": 1608185895747,
  "ranks": {
    "hundos": 16,
    "performance": 2,
    "accessibility": 18,
    "cumulative": 16
  },
  "lighthouse": {
    "version": "6.5.0",
    "performance": 1,
    "accessibility": 0.95,
    "bestPractices": 0.93,
    "seo": 1,
    "total": 388
  },
  "firstContentfulPaint": 979.6999999999999,
  "speedIndex": 1292.7841307327215,
  "largestContentfulPaint": 1645.0149999999999,
  "totalBlockingTime": 32.5,
  "cumulativeLayoutShift": 0,
  "timeToInteractive": 2371.9759999999997,
  "maxPotentialFirstInputDelay": 75,
  "timeToFirstByte": 24.973,
  "weight": {
    "summary": "16 requests • 175 KiB",
    "total": 179028,
    "image": 33953,
    "imageCount": 2,
    "script": 61688,
    "scriptCount": 3,
    "document": 12709,
    "font": 62839,
    "fontCount": 5,
    "stylesheet": 7245,
    "stylesheetCount": 3,
    "thirdParty": 124084,
    "thirdPartyCount": 11
  },
  "run": {
    "number": 1,
    "total": 3
  },
  "axe": {
    "passes": 770,
    "violations": 16
  }
}