{
  "url": "https://jamstackconf.com/",
  "requestedUrl": "https://jamstackconf.com/",
  "timestamp": 1608358300313,
  "ranks": {
    "hundos": 16,
    "performance": 2,
    "accessibility": 18,
    "cumulative": 16
  },
  "lighthouse": {
    "version": "6.5.0",
    "performance": 0.99,
    "accessibility": 0.95,
    "bestPractices": 0.93,
    "seo": 1,
    "total": 387
  },
  "firstContentfulPaint": 943.0289999999999,
  "speedIndex": 1057.337854477778,
  "largestContentfulPaint": 1630.9199999999996,
  "totalBlockingTime": 34.037000000000035,
  "cumulativeLayoutShift": 0,
  "timeToInteractive": 2481.2585,
  "maxPotentialFirstInputDelay": 104,
  "timeToFirstByte": 22.442999999999998,
  "weight": {
    "summary": "16 requests • 175 KiB",
    "total": 178754,
    "image": 33929,
    "imageCount": 2,
    "script": 61439,
    "scriptCount": 3,
    "document": 12708,
    "font": 62840,
    "fontCount": 5,
    "stylesheet": 7244,
    "stylesheetCount": 3,
    "thirdParty": 124061,
    "thirdPartyCount": 11
  },
  "run": {
    "number": 2,
    "total": 3
  },
  "axe": {
    "passes": 770,
    "violations": 16
  }
}