{
  "url": "https://jamstackconf.com/",
  "requestedUrl": "https://jamstackconf.com/",
  "timestamp": 1607321330759,
  "ranks": {
    "hundos": 17,
    "performance": 2,
    "accessibility": 18,
    "cumulative": 17
  },
  "lighthouse": {
    "version": "6.5.0",
    "performance": 1,
    "accessibility": 0.95,
    "bestPractices": 0.93,
    "seo": 1,
    "total": 388
  },
  "firstContentfulPaint": 941.3889999999999,
  "speedIndex": 1358.9068614838993,
  "largestContentfulPaint": 1616.354,
  "totalBlockingTime": 17.5,
  "cumulativeLayoutShift": 0,
  "timeToInteractive": 2007.1445,
  "maxPotentialFirstInputDelay": 85,
  "timeToFirstByte": 27.62100000000001,
  "weight": {
    "summary": "16 requests • 175 KiB",
    "total": 179563,
    "image": 33926,
    "imageCount": 2,
    "script": 61128,
    "scriptCount": 3,
    "document": 13892,
    "font": 62810,
    "fontCount": 5,
    "stylesheet": 7213,
    "stylesheetCount": 3,
    "thirdParty": 123710,
    "thirdPartyCount": 11
  },
  "axe": {
    "passes": 770,
    "violations": 16
  }
}