{
  "url": "https://www.netlify.com/careers/",
  "requestedUrl": "https://www.netlify.com/careers/",
  "timestamp": 1606630319323,
  "ranks": {
    "hundos": 7,
    "performance": 11,
    "accessibility": 12,
    "cumulative": 7
  },
  "lighthouse": {
    "version": "6.4.1",
    "performance": 0.97,
    "accessibility": 0.98,
    "bestPractices": 1,
    "seo": 1,
    "total": 395
  },
  "firstContentfulPaint": 1291.8920000000003,
  "speedIndex": 1291.8920000000003,
  "largestContentfulPaint": 2293.231,
  "totalBlockingTime": 11.5,
  "cumulativeLayoutShift": 0,
  "timeToInteractive": 3904.7770000000005,
  "maxPotentialFirstInputDelay": 84,
  "timeToFirstByte": 26.588,
  "weight": {
    "summary": "37 requests • 520 KiB",
    "total": 532978,
    "image": 271143,
    "imageCount": 13,
    "script": 154555,
    "scriptCount": 12,
    "document": 54747,
    "font": 47914,
    "fontCount": 4,
    "stylesheet": 0,
    "stylesheetCount": 0,
    "thirdParty": 153189,
    "thirdPartyCount": 23
  },
  "axe": {
    "passes": 1297,
    "violations": 3
  }
}