{
  "url": "https://www.netlify.com/careers/",
  "requestedUrl": "https://www.netlify.com/careers/",
  "timestamp": 1607926450847,
  "ranks": {
    "hundos": 10,
    "performance": 13,
    "accessibility": 12,
    "cumulative": 12
  },
  "lighthouse": {
    "version": "6.5.0",
    "performance": 0.96,
    "accessibility": 0.98,
    "bestPractices": 1,
    "seo": 0.92,
    "total": 386
  },
  "firstContentfulPaint": 1271.2560000000003,
  "speedIndex": 1271.2560000000003,
  "largestContentfulPaint": 2539.9785,
  "totalBlockingTime": 19.999999999999773,
  "cumulativeLayoutShift": 0.05281315104166666,
  "timeToInteractive": 3755.8644999999997,
  "maxPotentialFirstInputDelay": 63,
  "timeToFirstByte": 13.476000000000006,
  "weight": {
    "summary": "36 requests • 478 KiB",
    "total": 489967,
    "image": 225611,
    "imageCount": 12,
    "script": 156063,
    "scriptCount": 12,
    "document": 55731,
    "font": 47942,
    "fontCount": 4,
    "stylesheet": 0,
    "stylesheetCount": 0,
    "thirdParty": 154698,
    "thirdPartyCount": 23
  },
  "run": {
    "number": 3,
    "total": 3
  },
  "axe": {
    "passes": 1422,
    "violations": 3
  }
}