{
  "url": "https://www.netlify.com/careers/",
  "requestedUrl": "https://www.netlify.com/careers/",
  "timestamp": 1609395423687,
  "ranks": {
    "hundos": 16,
    "performance": 12,
    "accessibility": 11,
    "cumulative": 16
  },
  "lighthouse": {
    "version": "6.5.0",
    "performance": 0.94,
    "accessibility": 0.98,
    "bestPractices": 1,
    "seo": 0.92,
    "total": 384
  },
  "firstContentfulPaint": 1616.513,
  "speedIndex": 1616.513,
  "largestContentfulPaint": 1835.501,
  "totalBlockingTime": 176.50000000000045,
  "cumulativeLayoutShift": 0.11057074059380427,
  "timeToInteractive": 5291.977000000001,
  "maxPotentialFirstInputDelay": 285.0000000000009,
  "timeToFirstByte": 62.185,
  "weight": {
    "summary": "40 requests • 558 KiB",
    "total": 571023,
    "image": 225773,
    "imageCount": 13,
    "script": 243570,
    "scriptCount": 14,
    "document": 55933,
    "font": 40945,
    "fontCount": 4,
    "stylesheet": 0,
    "stylesheetCount": 0,
    "thirdParty": 242023,
    "thirdPartyCount": 27
  },
  "run": {
    "number": 2,
    "total": 3
  },
  "axe": {
    "passes": 1449,
    "violations": 4
  }
}