{
  "url": "https://www.netlify.com/careers/",
  "requestedUrl": "https://www.netlify.com/careers/",
  "timestamp": 1608358396243,
  "ranks": {
    "hundos": 17,
    "performance": 8,
    "accessibility": 12,
    "cumulative": 17
  },
  "lighthouse": {
    "version": "6.5.0",
    "performance": 0.95,
    "accessibility": 0.98,
    "bestPractices": 1,
    "seo": 0.92,
    "total": 385
  },
  "firstContentfulPaint": 1441.2160000000001,
  "speedIndex": 1441.2160000000001,
  "largestContentfulPaint": 1631.1180000000002,
  "totalBlockingTime": 174.0979999999995,
  "cumulativeLayoutShift": 0.00013855743408203123,
  "timeToInteractive": 5494.743,
  "maxPotentialFirstInputDelay": 268.9999999999991,
  "timeToFirstByte": 41.46600000000001,
  "weight": {
    "summary": "40 requests • 558 KiB",
    "total": 571324,
    "image": 225965,
    "imageCount": 13,
    "script": 243486,
    "scriptCount": 14,
    "document": 55731,
    "font": 40943,
    "fontCount": 4,
    "stylesheet": 0,
    "stylesheetCount": 0,
    "thirdParty": 242336,
    "thirdPartyCount": 27
  },
  "run": {
    "number": 3,
    "total": 3
  },
  "axe": {
    "passes": 1451,
    "violations": 3
  }
}