{
  "url": "https://www.netlify.com/careers/",
  "requestedUrl": "https://www.netlify.com/careers/",
  "timestamp": 1608099326169,
  "ranks": {
    "hundos": 14,
    "performance": 9,
    "accessibility": 12,
    "cumulative": 15
  },
  "lighthouse": {
    "version": "6.5.0",
    "performance": 0.96,
    "accessibility": 0.98,
    "bestPractices": 1,
    "seo": 0.92,
    "total": 386
  },
  "firstContentfulPaint": 1350.5660000000003,
  "speedIndex": 1350.5660000000003,
  "largestContentfulPaint": 2397.884,
  "totalBlockingTime": 10,
  "cumulativeLayoutShift": 0.00013855743408203123,
  "timeToInteractive": 3854.173,
  "maxPotentialFirstInputDelay": 112,
  "timeToFirstByte": 25.732,
  "weight": {
    "summary": "36 requests • 472 KiB",
    "total": 483075,
    "image": 225564,
    "imageCount": 12,
    "script": 156140,
    "scriptCount": 12,
    "document": 55760,
    "font": 40945,
    "fontCount": 4,
    "stylesheet": 0,
    "stylesheetCount": 0,
    "thirdParty": 154797,
    "thirdPartyCount": 23
  },
  "run": {
    "number": 3,
    "total": 3
  },
  "axe": {
    "passes": 1451,
    "violations": 3
  }
}