{
  "url": "https://www.netlify.com/careers/",
  "requestedUrl": "https://www.netlify.com/careers/",
  "timestamp": 1604902515761,
  "ranks": {
    "hundos": 7,
    "performance": 10,
    "accessibility": 10,
    "cumulative": 10
  },
  "lighthouse": {
    "version": "6.4.1",
    "performance": 0.98,
    "accessibility": 0.98,
    "bestPractices": 1,
    "seo": 0.92,
    "total": 388
  },
  "firstContentfulPaint": 1425.768,
  "speedIndex": 1634.2747518527563,
  "largestContentfulPaint": 1879.005,
  "totalBlockingTime": 18,
  "cumulativeLayoutShift": 0,
  "timeToInteractive": 3904.983,
  "maxPotentialFirstInputDelay": 86,
  "timeToFirstByte": 182.53,
  "weight": {
    "summary": "36 requests • 463 KiB",
    "total": 473729,
    "image": 227445,
    "imageCount": 12,
    "script": 152260,
    "scriptCount": 12,
    "document": 41252,
    "font": 47913,
    "fontCount": 4,
    "stylesheet": 0,
    "stylesheetCount": 0,
    "thirdParty": 151878,
    "thirdPartyCount": 23
  },
  "axe": {
    "passes": 1284,
    "violations": 2
  }
}