{
  "url": "https://www.netlify.com/careers/",
  "requestedUrl": "https://www.netlify.com/careers/",
  "timestamp": 1605939130407,
  "ranks": {
    "hundos": 4,
    "performance": 8,
    "accessibility": 12,
    "cumulative": 5
  },
  "lighthouse": {
    "version": "6.4.1",
    "performance": 0.98,
    "accessibility": 0.98,
    "bestPractices": 1,
    "seo": 1,
    "total": 396
  },
  "firstContentfulPaint": 1505.9609999999998,
  "speedIndex": 1599.537369438858,
  "largestContentfulPaint": 1745.1369999999997,
  "totalBlockingTime": 64,
  "cumulativeLayoutShift": 0,
  "timeToInteractive": 4111.224999999999,
  "maxPotentialFirstInputDelay": 103,
  "timeToFirstByte": 225.502,
  "weight": {
    "summary": "37 requests • 521 KiB",
    "total": 533013,
    "image": 271005,
    "imageCount": 13,
    "script": 154506,
    "scriptCount": 12,
    "document": 54968,
    "font": 47914,
    "fontCount": 4,
    "stylesheet": 0,
    "stylesheetCount": 0,
    "thirdParty": 153250,
    "thirdPartyCount": 23
  },
  "axe": {
    "passes": 1282,
    "violations": 3
  }
}