{
  "url": "https://www.netlify.com/careers/",
  "requestedUrl": "https://www.netlify.com/careers/",
  "timestamp": 1608876592554,
  "ranks": {
    "hundos": 17,
    "performance": 17,
    "accessibility": 11,
    "cumulative": 17
  },
  "lighthouse": {
    "version": "6.5.0",
    "performance": 0.94,
    "accessibility": 0.98,
    "bestPractices": 1,
    "seo": 0.92,
    "total": 384
  },
  "firstContentfulPaint": 1237.6760000000004,
  "speedIndex": 1237.6760000000004,
  "largestContentfulPaint": 2490.7000000000007,
  "totalBlockingTime": 154,
  "cumulativeLayoutShift": 0.00013855743408203123,
  "timeToInteractive": 5029.3025,
  "maxPotentialFirstInputDelay": 218,
  "timeToFirstByte": 15.774000000000001,
  "weight": {
    "summary": "40 requests • 558 KiB",
    "total": 570886,
    "image": 225723,
    "imageCount": 13,
    "script": 243499,
    "scriptCount": 14,
    "document": 55933,
    "font": 40973,
    "fontCount": 4,
    "stylesheet": 0,
    "stylesheetCount": 0,
    "thirdParty": 241908,
    "thirdPartyCount": 27
  },
  "run": {
    "number": 2,
    "total": 3
  },
  "axe": {
    "passes": 1449,
    "violations": 4
  }
}