{
  "url": "https://www.netlify.com/careers/",
  "requestedUrl": "https://www.netlify.com/careers/",
  "timestamp": 1604431204041,
  "ranks": {
    "hundos": 11,
    "performance": 14,
    "accessibility": 12,
    "cumulative": 11
  },
  "lighthouse": {
    "version": "6.4.1",
    "performance": 0.96,
    "accessibility": 0.98,
    "bestPractices": 1,
    "seo": 0.92,
    "total": 386
  },
  "firstContentfulPaint": 1408.999,
  "speedIndex": 1454.585297896465,
  "largestContentfulPaint": 2337.9040000000005,
  "totalBlockingTime": 56,
  "cumulativeLayoutShift": 0.00017333433363172742,
  "timeToInteractive": 3869.2160000000003,
  "maxPotentialFirstInputDelay": 106,
  "timeToFirstByte": 289.604,
  "weight": {
    "summary": "36 requests • 462 KiB",
    "total": 473367,
    "image": 227512,
    "imageCount": 12,
    "script": 152039,
    "scriptCount": 12,
    "document": 41255,
    "font": 47917,
    "fontCount": 4,
    "stylesheet": 0,
    "stylesheetCount": 0,
    "thirdParty": 151485,
    "thirdPartyCount": 23
  },
  "axe": {
    "passes": 1294,
    "violations": 3
  }
}