{
  "url": "https://www.netlify.com/careers/",
  "requestedUrl": "https://www.netlify.com/careers/",
  "timestamp": 1609654734311,
  "ranks": {
    "hundos": 15,
    "performance": 8,
    "accessibility": 11,
    "cumulative": 15
  },
  "lighthouse": {
    "version": "6.5.0",
    "performance": 0.94,
    "accessibility": 0.98,
    "bestPractices": 1,
    "seo": 0.92,
    "total": 384
  },
  "firstContentfulPaint": 1333.2640000000001,
  "speedIndex": 1333.2640000000001,
  "largestContentfulPaint": 1941.0120000000002,
  "totalBlockingTime": 244,
  "cumulativeLayoutShift": 0.00013855743408203123,
  "timeToInteractive": 5207.4349999999995,
  "maxPotentialFirstInputDelay": 274,
  "timeToFirstByte": 24.921999999999997,
  "weight": {
    "summary": "40 requests • 558 KiB",
    "total": 571056,
    "image": 225837,
    "imageCount": 13,
    "script": 243543,
    "scriptCount": 14,
    "document": 55934,
    "font": 40978,
    "fontCount": 4,
    "stylesheet": 0,
    "stylesheetCount": 0,
    "thirdParty": 242063,
    "thirdPartyCount": 27
  },
  "run": {
    "number": 3,
    "total": 3
  },
  "axe": {
    "passes": 1449,
    "violations": 4
  }
}