{
  "url": "https://www.netlify.com/careers/",
  "requestedUrl": "https://www.netlify.com/careers/",
  "timestamp": 1604988295380,
  "ranks": {
    "hundos": 12,
    "performance": 16,
    "accessibility": 10,
    "cumulative": 12
  },
  "lighthouse": {
    "version": "6.4.1",
    "performance": 0.96,
    "accessibility": 0.98,
    "bestPractices": 1,
    "seo": 0.92,
    "total": 386
  },
  "firstContentfulPaint": 1271.246,
  "speedIndex": 1271.246,
  "largestContentfulPaint": 2541.7710000000006,
  "totalBlockingTime": 13,
  "cumulativeLayoutShift": 0,
  "timeToInteractive": 3670.795,
  "maxPotentialFirstInputDelay": 69,
  "timeToFirstByte": 165.371,
  "weight": {
    "summary": "36 requests • 462 KiB",
    "total": 473459,
    "image": 227518,
    "imageCount": 12,
    "script": 152165,
    "scriptCount": 12,
    "document": 41214,
    "font": 47919,
    "fontCount": 4,
    "stylesheet": 0,
    "stylesheetCount": 0,
    "thirdParty": 151606,
    "thirdPartyCount": 23
  },
  "axe": {
    "passes": 1269,
    "violations": 2
  }
}