{
  "url": "https://www.netlify.com/careers/",
  "requestedUrl": "https://www.netlify.com/careers/",
  "timestamp": 1606457578106,
  "ranks": {
    "hundos": 5,
    "performance": 6,
    "accessibility": 12,
    "cumulative": 5
  },
  "lighthouse": {
    "version": "6.4.1",
    "performance": 0.98,
    "accessibility": 0.98,
    "bestPractices": 1,
    "seo": 1,
    "total": 396
  },
  "firstContentfulPaint": 1419.819,
  "speedIndex": 1419.819,
  "largestContentfulPaint": 1419.819,
  "totalBlockingTime": 64.5,
  "cumulativeLayoutShift": 0,
  "timeToInteractive": 4036.1420000000007,
  "maxPotentialFirstInputDelay": 103,
  "timeToFirstByte": 43.77000000000001,
  "weight": {
    "summary": "37 requests • 520 KiB",
    "total": 532957,
    "image": 271082,
    "imageCount": 13,
    "script": 154552,
    "scriptCount": 12,
    "document": 54749,
    "font": 47951,
    "fontCount": 4,
    "stylesheet": 0,
    "stylesheetCount": 0,
    "thirdParty": 153191,
    "thirdPartyCount": 23
  },
  "axe": {
    "passes": 1297,
    "violations": 3
  }
}