{
  "url": "https://www.netlify.com/careers/",
  "requestedUrl": "https://www.netlify.com/careers/",
  "timestamp": 1609049236403,
  "ranks": {
    "hundos": 17,
    "performance": 16,
    "accessibility": 11,
    "cumulative": 17
  },
  "lighthouse": {
    "version": "6.5.0",
    "performance": 0.84,
    "accessibility": 0.98,
    "bestPractices": 1,
    "seo": 0.92,
    "total": 374
  },
  "firstContentfulPaint": 1791.929,
  "speedIndex": 1932.3171165208978,
  "largestContentfulPaint": 3673.6099999999997,
  "totalBlockingTime": 90,
  "cumulativeLayoutShift": 0.09701947106255424,
  "timeToInteractive": 5785.577000000001,
  "maxPotentialFirstInputDelay": 209,
  "timeToFirstByte": 91.08100000000002,
  "weight": {
    "summary": "40 requests • 558 KiB",
    "total": 571365,
    "image": 225752,
    "imageCount": 13,
    "script": 243480,
    "scriptCount": 14,
    "document": 55934,
    "font": 41007,
    "fontCount": 4,
    "stylesheet": 0,
    "stylesheetCount": 0,
    "thirdParty": 242320,
    "thirdPartyCount": 27
  },
  "run": {
    "number": 1,
    "total": 3
  },
  "axe": {
    "passes": 1449,
    "violations": 4
  }
}