{
  "url": "https://www.netlify.com/careers/",
  "requestedUrl": "https://www.netlify.com/careers/",
  "timestamp": 1608617588612,
  "ranks": {
    "hundos": 15,
    "performance": 8,
    "accessibility": 11,
    "cumulative": 15
  },
  "lighthouse": {
    "version": "6.5.0",
    "performance": 0.96,
    "accessibility": 0.98,
    "bestPractices": 1,
    "seo": 0.92,
    "total": 386
  },
  "firstContentfulPaint": 1483,
  "speedIndex": 1577.5456297269516,
  "largestContentfulPaint": 1657.34,
  "totalBlockingTime": 159.5,
  "cumulativeLayoutShift": 0.00013855743408203123,
  "timeToInteractive": 5113.949500000001,
  "maxPotentialFirstInputDelay": 291,
  "timeToFirstByte": 197.532,
  "weight": {
    "summary": "40 requests • 558 KiB",
    "total": 571227,
    "image": 225839,
    "imageCount": 13,
    "script": 243494,
    "scriptCount": 14,
    "document": 55952,
    "font": 40967,
    "fontCount": 4,
    "stylesheet": 0,
    "stylesheetCount": 0,
    "thirdParty": 242223,
    "thirdPartyCount": 27
  },
  "run": {
    "number": 2,
    "total": 3
  },
  "axe": {
    "passes": 1462,
    "violations": 4
  }
}