{
  "url": "https://www.netlify.com/careers/",
  "requestedUrl": "https://www.netlify.com/careers/",
  "timestamp": 1604815877614,
  "ranks": {
    "hundos": 12,
    "performance": 18,
    "accessibility": 10,
    "cumulative": 13
  },
  "lighthouse": {
    "version": "6.4.1",
    "performance": 0.95,
    "accessibility": 0.98,
    "bestPractices": 1,
    "seo": 0.92,
    "total": 385
  },
  "firstContentfulPaint": 1269.2759999999998,
  "speedIndex": 1269.2759999999998,
  "largestContentfulPaint": 2640.0029999999997,
  "totalBlockingTime": 47.5,
  "cumulativeLayoutShift": 0,
  "timeToInteractive": 3676.1310000000003,
  "maxPotentialFirstInputDelay": 82,
  "timeToFirstByte": 11.915,
  "weight": {
    "summary": "36 requests • 463 KiB",
    "total": 473920,
    "image": 227641,
    "imageCount": 12,
    "script": 152174,
    "scriptCount": 12,
    "document": 41262,
    "font": 47942,
    "fontCount": 4,
    "stylesheet": 0,
    "stylesheetCount": 0,
    "thirdParty": 151874,
    "thirdPartyCount": 23
  },
  "axe": {
    "passes": 1284,
    "violations": 2
  }
}