{
  "url": "https://www.netlify.com/careers/",
  "requestedUrl": "https://www.netlify.com/careers/",
  "timestamp": 1609308781232,
  "ranks": {
    "hundos": 17,
    "performance": 17,
    "accessibility": 11,
    "cumulative": 17
  },
  "lighthouse": {
    "version": "6.5.0",
    "performance": 0.94,
    "accessibility": 0.98,
    "bestPractices": 1,
    "seo": 0.92,
    "total": 384
  },
  "firstContentfulPaint": 1366.572,
  "speedIndex": 1366.572,
  "largestContentfulPaint": 2527.1965,
  "totalBlockingTime": 83,
  "cumulativeLayoutShift": 0.00013855743408203123,
  "timeToInteractive": 4889.37,
  "maxPotentialFirstInputDelay": 195,
  "timeToFirstByte": 26.662000000000006,
  "weight": {
    "summary": "40 requests • 558 KiB",
    "total": 570985,
    "image": 225775,
    "imageCount": 13,
    "script": 243494,
    "scriptCount": 14,
    "document": 55934,
    "font": 40973,
    "fontCount": 4,
    "stylesheet": 0,
    "stylesheetCount": 0,
    "thirdParty": 241951,
    "thirdPartyCount": 27
  },
  "run": {
    "number": 2,
    "total": 3
  },
  "axe": {
    "passes": 1449,
    "violations": 4
  }
}