{
  "url": "https://www.netlify.com/careers/",
  "requestedUrl": "https://www.netlify.com/careers/",
  "timestamp": 1609222204507,
  "ranks": {
    "hundos": 15,
    "performance": 11,
    "accessibility": 11,
    "cumulative": 15
  },
  "lighthouse": {
    "version": "6.5.0",
    "performance": 0.96,
    "accessibility": 0.98,
    "bestPractices": 1,
    "seo": 0.92,
    "total": 386
  },
  "firstContentfulPaint": 1229.127,
  "speedIndex": 1229.127,
  "largestContentfulPaint": 1895.8825,
  "totalBlockingTime": 132.5,
  "cumulativeLayoutShift": 0.00013855743408203123,
  "timeToInteractive": 4853.9285,
  "maxPotentialFirstInputDelay": 209,
  "timeToFirstByte": 13.057000000000002,
  "weight": {
    "summary": "40 requests • 558 KiB",
    "total": 571031,
    "image": 225782,
    "imageCount": 13,
    "script": 243535,
    "scriptCount": 14,
    "document": 55933,
    "font": 40974,
    "fontCount": 4,
    "stylesheet": 0,
    "stylesheetCount": 0,
    "thirdParty": 241993,
    "thirdPartyCount": 27
  },
  "run": {
    "number": 1,
    "total": 3
  },
  "axe": {
    "passes": 1449,
    "violations": 4
  }
}