{
  "url": "https://www.netlify.com/careers/",
  "requestedUrl": "https://www.netlify.com/careers/",
  "timestamp": 1607839609464,
  "ranks": {
    "hundos": 14,
    "performance": 17,
    "accessibility": 12,
    "cumulative": 15
  },
  "lighthouse": {
    "version": "6.5.0",
    "performance": 0.96,
    "accessibility": 0.98,
    "bestPractices": 1,
    "seo": 0.92,
    "total": 386
  },
  "firstContentfulPaint": 1485.9099999999999,
  "speedIndex": 1637.0142132664855,
  "largestContentfulPaint": 2464.468,
  "totalBlockingTime": 34,
  "cumulativeLayoutShift": 0.044155581156412764,
  "timeToInteractive": 4058.7490000000003,
  "maxPotentialFirstInputDelay": 94,
  "timeToFirstByte": 186.14100000000002,
  "weight": {
    "summary": "36 requests • 479 KiB",
    "total": 490138,
    "image": 225597,
    "imageCount": 12,
    "script": 156023,
    "scriptCount": 12,
    "document": 55722,
    "font": 47911,
    "fontCount": 4,
    "stylesheet": 0,
    "stylesheetCount": 0,
    "thirdParty": 154926,
    "thirdPartyCount": 23
  },
  "run": {
    "number": 1,
    "total": 3
  },
  "axe": {
    "passes": 1422,
    "violations": 3
  }
}