{
  "url": "https://www.netlify.com/careers/",
  "requestedUrl": "https://www.netlify.com/careers/",
  "timestamp": 1607580421497,
  "ranks": {
    "hundos": 10,
    "performance": 13,
    "accessibility": 12,
    "cumulative": 11
  },
  "lighthouse": {
    "version": "6.5.0",
    "performance": 0.92,
    "accessibility": 0.98,
    "bestPractices": 1,
    "seo": 0.92,
    "total": 382
  },
  "firstContentfulPaint": 1846.523,
  "speedIndex": 2555.735246102985,
  "largestContentfulPaint": 2772.4519999999998,
  "totalBlockingTime": 76.5,
  "cumulativeLayoutShift": 0.10268379296196832,
  "timeToInteractive": 4394.224000000001,
  "maxPotentialFirstInputDelay": 107,
  "timeToFirstByte": 345.975,
  "weight": {
    "summary": "37 requests • 527 KiB",
    "total": 540089,
    "image": 276606,
    "imageCount": 13,
    "script": 156025,
    "scriptCount": 12,
    "document": 54871,
    "font": 47970,
    "fontCount": 4,
    "stylesheet": 0,
    "stylesheetCount": 0,
    "thirdParty": 154660,
    "thirdPartyCount": 23
  },
  "axe": {
    "passes": 1312,
    "violations": 3
  }
}