{
  "url": "https://www.netlify.com/careers/",
  "requestedUrl": "https://www.netlify.com/careers/",
  "timestamp": 1604642782658,
  "ranks": {
    "hundos": 7,
    "performance": 7,
    "accessibility": 10,
    "cumulative": 7
  },
  "lighthouse": {
    "version": "6.4.1",
    "performance": 0.98,
    "accessibility": 0.98,
    "bestPractices": 1,
    "seo": 0.92,
    "total": 388
  },
  "firstContentfulPaint": 1195.891,
  "speedIndex": 1195.891,
  "largestContentfulPaint": 2022.221,
  "totalBlockingTime": 67,
  "cumulativeLayoutShift": 0,
  "timeToInteractive": 3855.3895,
  "maxPotentialFirstInputDelay": 98,
  "timeToFirstByte": 41.56699999999999,
  "weight": {
    "summary": "36 requests • 463 KiB",
    "total": 473650,
    "image": 227464,
    "imageCount": 12,
    "script": 152293,
    "scriptCount": 12,
    "document": 41262,
    "font": 47942,
    "fontCount": 4,
    "stylesheet": 0,
    "stylesheetCount": 0,
    "thirdParty": 151780,
    "thirdPartyCount": 23
  },
  "axe": {
    "passes": 1284,
    "violations": 2
  }
}