{
  "url": "https://www.netlify.com/careers/",
  "requestedUrl": "https://www.netlify.com/careers/",
  "timestamp": 1609568274550,
  "ranks": {
    "hundos": 16,
    "performance": 16,
    "accessibility": 11,
    "cumulative": 16
  },
  "lighthouse": {
    "version": "6.5.0",
    "performance": 0.92,
    "accessibility": 0.98,
    "bestPractices": 1,
    "seo": 0.92,
    "total": 382
  },
  "firstContentfulPaint": 1597.7759999999998,
  "speedIndex": 1702.6410358213288,
  "largestContentfulPaint": 2515.843,
  "totalBlockingTime": 139,
  "cumulativeLayoutShift": 0.09701947106255424,
  "timeToInteractive": 5567.3125,
  "maxPotentialFirstInputDelay": 276,
  "timeToFirstByte": 67.43700000000001,
  "weight": {
    "summary": "40 requests • 558 KiB",
    "total": 571069,
    "image": 225890,
    "imageCount": 13,
    "script": 243543,
    "scriptCount": 14,
    "document": 55933,
    "font": 40942,
    "fontCount": 4,
    "stylesheet": 0,
    "stylesheetCount": 0,
    "thirdParty": 241955,
    "thirdPartyCount": 27
  },
  "run": {
    "number": 3,
    "total": 3
  },
  "axe": {
    "passes": 1449,
    "violations": 4
  }
}