{
  "url": "https://www.netlify.com/careers/",
  "requestedUrl": "https://www.netlify.com/careers/",
  "timestamp": 1608703757859,
  "ranks": {
    "hundos": 16,
    "performance": 11,
    "accessibility": 11,
    "cumulative": 16
  },
  "lighthouse": {
    "version": "6.5.0",
    "performance": 0.96,
    "accessibility": 0.98,
    "bestPractices": 1,
    "seo": 0.92,
    "total": 386
  },
  "firstContentfulPaint": 1231.841,
  "speedIndex": 1231.841,
  "largestContentfulPaint": 1759.6609999999996,
  "totalBlockingTime": 117.00000000000045,
  "cumulativeLayoutShift": 0.00013855743408203123,
  "timeToInteractive": 5107.5085,
  "maxPotentialFirstInputDelay": 227.0000000000009,
  "timeToFirstByte": 12.466999999999999,
  "weight": {
    "summary": "41 requests • 558 KiB",
    "total": 571486,
    "image": 225725,
    "imageCount": 13,
    "script": 243506,
    "scriptCount": 14,
    "document": 56498,
    "font": 40952,
    "fontCount": 4,
    "stylesheet": 0,
    "stylesheetCount": 0,
    "thirdParty": 242523,
    "thirdPartyCount": 28
  },
  "run": {
    "number": 1,
    "total": 3
  },
  "axe": {
    "passes": 1449,
    "violations": 4
  }
}