{
  "url": "https://www.netlify.com/careers/",
  "requestedUrl": "https://www.netlify.com/careers/",
  "timestamp": 1607062356359,
  "ranks": {
    "hundos": 6,
    "performance": 8,
    "accessibility": 12,
    "cumulative": 7
  },
  "lighthouse": {
    "version": "6.5.0",
    "performance": 0.96,
    "accessibility": 0.98,
    "bestPractices": 1,
    "seo": 1,
    "total": 394
  },
  "firstContentfulPaint": 1367.192,
  "speedIndex": 1367.192,
  "largestContentfulPaint": 2300.12,
  "totalBlockingTime": 33,
  "cumulativeLayoutShift": 0.04471473524305555,
  "timeToInteractive": 3999.702,
  "maxPotentialFirstInputDelay": 82,
  "timeToFirstByte": 225.949,
  "weight": {
    "summary": "37 requests • 521 KiB",
    "total": 533189,
    "image": 271004,
    "imageCount": 13,
    "script": 154923,
    "scriptCount": 12,
    "document": 54702,
    "font": 47940,
    "fontCount": 4,
    "stylesheet": 0,
    "stylesheetCount": 0,
    "thirdParty": 153560,
    "thirdPartyCount": 23
  },
  "axe": {
    "passes": 1284,
    "violations": 3
  }
}