{
  "url": "https://www.netlify.com/careers/",
  "requestedUrl": "https://www.netlify.com/careers/",
  "timestamp": 1607148363342,
  "ranks": {
    "hundos": 5,
    "performance": 4,
    "accessibility": 12,
    "cumulative": 7
  },
  "lighthouse": {
    "version": "6.5.0",
    "performance": 0.98,
    "accessibility": 0.98,
    "bestPractices": 1,
    "seo": 1,
    "total": 396
  },
  "firstContentfulPaint": 1412.271,
  "speedIndex": 1412.271,
  "largestContentfulPaint": 1630.269,
  "totalBlockingTime": 59,
  "cumulativeLayoutShift": 0,
  "timeToInteractive": 3966.1040000000003,
  "maxPotentialFirstInputDelay": 91,
  "timeToFirstByte": 189.72199999999998,
  "weight": {
    "summary": "37 requests • 521 KiB",
    "total": 534002,
    "image": 271004,
    "imageCount": 13,
    "script": 154922,
    "scriptCount": 12,
    "document": 54923,
    "font": 47913,
    "fontCount": 4,
    "stylesheet": 0,
    "stylesheetCount": 0,
    "thirdParty": 154180,
    "thirdPartyCount": 23
  },
  "axe": {
    "passes": 1284,
    "violations": 3
  }
}