{
  "url": "https://www.netlify.com/careers/",
  "requestedUrl": "https://www.netlify.com/careers/",
  "timestamp": 1606889610277,
  "ranks": {
    "hundos": 15,
    "performance": 18,
    "accessibility": 12,
    "cumulative": 15
  },
  "lighthouse": {
    "version": "6.5.0",
    "performance": 0.88,
    "accessibility": 0.98,
    "bestPractices": 1,
    "seo": 1,
    "total": 386
  },
  "firstContentfulPaint": 2219.9809999999998,
  "speedIndex": 3623.4673538810775,
  "largestContentfulPaint": 3015.8189999999995,
  "totalBlockingTime": 33,
  "cumulativeLayoutShift": 0.09936773003472224,
  "timeToInteractive": 4769.227999999999,
  "maxPotentialFirstInputDelay": 74,
  "timeToFirstByte": 505.20000000000005,
  "weight": {
    "summary": "38 requests • 521 KiB",
    "total": 533557,
    "image": 271007,
    "imageCount": 13,
    "script": 154742,
    "scriptCount": 12,
    "document": 55067,
    "font": 47942,
    "fontCount": 4,
    "stylesheet": 0,
    "stylesheetCount": 0,
    "thirdParty": 153878,
    "thirdPartyCount": 24
  },
  "axe": {
    "passes": 1284,
    "violations": 3
  }
}