{
  "url": "https://www.netlify.com/careers/",
  "requestedUrl": "https://www.netlify.com/careers/",
  "timestamp": 1607234802524,
  "ranks": {
    "hundos": 6,
    "performance": 9,
    "accessibility": 11,
    "cumulative": 6
  },
  "lighthouse": {
    "version": "6.5.0",
    "performance": 0.98,
    "accessibility": 0.98,
    "bestPractices": 1,
    "seo": 1,
    "total": 396
  },
  "firstContentfulPaint": 1339.781,
  "speedIndex": 1339.781,
  "largestContentfulPaint": 1984.507,
  "totalBlockingTime": 51.5,
  "cumulativeLayoutShift": 0,
  "timeToInteractive": 3929.1210000000005,
  "maxPotentialFirstInputDelay": 90,
  "timeToFirstByte": 158.837,
  "weight": {
    "summary": "37 requests • 522 KiB",
    "total": 534157,
    "image": 271024,
    "imageCount": 13,
    "script": 154998,
    "scriptCount": 12,
    "document": 54924,
    "font": 47913,
    "fontCount": 4,
    "stylesheet": 0,
    "stylesheetCount": 0,
    "thirdParty": 154330,
    "thirdPartyCount": 23
  },
  "axe": {
    "passes": 1284,
    "violations": 3
  }
}