{
  "url": "https://www.netlify.com/careers/",
  "requestedUrl": "https://www.netlify.com/careers/",
  "timestamp": 1604556556465,
  "ranks": {
    "hundos": 11,
    "performance": 9,
    "accessibility": 12,
    "cumulative": 13
  },
  "lighthouse": {
    "version": "6.4.1",
    "performance": 0.96,
    "accessibility": 0.98,
    "bestPractices": 1,
    "seo": 0.92,
    "total": 386
  },
  "firstContentfulPaint": 1270.8680000000004,
  "speedIndex": 1270.8680000000004,
  "largestContentfulPaint": 2541.608000000001,
  "totalBlockingTime": 30.5,
  "cumulativeLayoutShift": 0.00017333433363172742,
  "timeToInteractive": 3825.0940000000005,
  "maxPotentialFirstInputDelay": 83,
  "timeToFirstByte": 44.192,
  "weight": {
    "summary": "36 requests • 462 KiB",
    "total": 473421,
    "image": 227438,
    "imageCount": 12,
    "script": 152171,
    "scriptCount": 12,
    "document": 41261,
    "font": 47913,
    "fontCount": 4,
    "stylesheet": 0,
    "stylesheetCount": 0,
    "thirdParty": 151609,
    "thirdPartyCount": 23
  },
  "axe": {
    "passes": 1294,
    "violations": 3
  }
}