{
  "url": "https://www.netlify.com/careers/",
  "requestedUrl": "https://www.netlify.com/careers/",
  "timestamp": 1608963150315,
  "ranks": {
    "hundos": 16,
    "performance": 14,
    "accessibility": 11,
    "cumulative": 16
  },
  "lighthouse": {
    "version": "6.5.0",
    "performance": 0.96,
    "accessibility": 0.98,
    "bestPractices": 1,
    "seo": 0.92,
    "total": 386
  },
  "firstContentfulPaint": 1237.757,
  "speedIndex": 1237.757,
  "largestContentfulPaint": 1435.943,
  "totalBlockingTime": 109.5,
  "cumulativeLayoutShift": 0.00013855743408203123,
  "timeToInteractive": 5072.2825,
  "maxPotentialFirstInputDelay": 215,
  "timeToFirstByte": 15.494,
  "weight": {
    "summary": "40 requests • 558 KiB",
    "total": 571232,
    "image": 225807,
    "imageCount": 13,
    "script": 243518,
    "scriptCount": 14,
    "document": 55933,
    "font": 40946,
    "fontCount": 4,
    "stylesheet": 0,
    "stylesheetCount": 0,
    "thirdParty": 242173,
    "thirdPartyCount": 27
  },
  "run": {
    "number": 3,
    "total": 3
  },
  "axe": {
    "passes": 1449,
    "violations": 4
  }
}