{
  "url": "https://www.netlify.com/careers/",
  "requestedUrl": "https://www.netlify.com/careers/",
  "timestamp": 1606803127468,
  "ranks": {
    "hundos": 8,
    "performance": 13,
    "accessibility": 12,
    "cumulative": 9
  },
  "lighthouse": {
    "version": "6.4.1",
    "performance": 0.97,
    "accessibility": 0.98,
    "bestPractices": 1,
    "seo": 1,
    "total": 395
  },
  "firstContentfulPaint": 1287.12,
  "speedIndex": 1287.12,
  "largestContentfulPaint": 2079.6099999999997,
  "totalBlockingTime": 81.49999999999955,
  "cumulativeLayoutShift": 0.04471473524305555,
  "timeToInteractive": 3831.554999999999,
  "maxPotentialFirstInputDelay": 110,
  "timeToFirstByte": 15.46,
  "weight": {
    "summary": "37 requests • 521 KiB",
    "total": 533011,
    "image": 271006,
    "imageCount": 13,
    "script": 154750,
    "scriptCount": 12,
    "document": 54712,
    "font": 47917,
    "fontCount": 4,
    "stylesheet": 0,
    "stylesheetCount": 0,
    "thirdParty": 153365,
    "thirdPartyCount": 23
  },
  "axe": {
    "passes": 1284,
    "violations": 3
  }
}