{
  "url": "https://www.netlify.com/careers/",
  "requestedUrl": "https://www.netlify.com/careers/",
  "timestamp": 1605334131433,
  "ranks": {
    "hundos": 5,
    "performance": 7,
    "accessibility": 12,
    "cumulative": 6
  },
  "lighthouse": {
    "version": "6.4.1",
    "performance": 0.98,
    "accessibility": 0.98,
    "bestPractices": 1,
    "seo": 1,
    "total": 396
  },
  "firstContentfulPaint": 1383.7900000000002,
  "speedIndex": 1503.979983466496,
  "largestContentfulPaint": 1837.0610000000001,
  "totalBlockingTime": 60.5,
  "cumulativeLayoutShift": 0.00301318359375,
  "timeToInteractive": 3973.9120000000003,
  "maxPotentialFirstInputDelay": 131,
  "timeToFirstByte": 155.136,
  "weight": {
    "summary": "36 requests • 463 KiB",
    "total": 474500,
    "image": 227480,
    "imageCount": 12,
    "script": 153245,
    "scriptCount": 12,
    "document": 41192,
    "font": 47909,
    "fontCount": 4,
    "stylesheet": 0,
    "stylesheetCount": 0,
    "thirdParty": 152698,
    "thirdPartyCount": 23
  },
  "axe": {
    "passes": 1253,
    "violations": 3
  }
}