{
  "url": "https://www.netlify.com/careers/",
  "requestedUrl": "https://www.netlify.com/careers/",
  "timestamp": 1607408176356,
  "ranks": {
    "hundos": 11,
    "performance": 12,
    "accessibility": 12,
    "cumulative": 14
  },
  "lighthouse": {
    "version": "6.5.0",
    "performance": 0.96,
    "accessibility": 0.98,
    "bestPractices": 1,
    "seo": 0.92,
    "total": 386
  },
  "firstContentfulPaint": 1487.943,
  "speedIndex": 1658.8910148172067,
  "largestContentfulPaint": 2503.0369999999994,
  "totalBlockingTime": 78.5,
  "cumulativeLayoutShift": 0.044155581156412764,
  "timeToInteractive": 3975.7199999999993,
  "maxPotentialFirstInputDelay": 161,
  "timeToFirstByte": 253.969,
  "weight": {
    "summary": "37 requests • 522 KiB",
    "total": 534036,
    "image": 270961,
    "imageCount": 13,
    "script": 155606,
    "scriptCount": 12,
    "document": 54829,
    "font": 47883,
    "fontCount": 4,
    "stylesheet": 0,
    "stylesheetCount": 0,
    "thirdParty": 154335,
    "thirdPartyCount": 23
  },
  "axe": {
    "passes": 1312,
    "violations": 3
  }
}