{
  "url": "https://www.netlify.com/careers/",
  "requestedUrl": "https://www.netlify.com/careers/",
  "timestamp": 1609135887567,
  "ranks": {
    "hundos": 16,
    "performance": 9,
    "accessibility": 11,
    "cumulative": 16
  },
  "lighthouse": {
    "version": "6.5.0",
    "performance": 0.96,
    "accessibility": 0.98,
    "bestPractices": 1,
    "seo": 0.92,
    "total": 386
  },
  "firstContentfulPaint": 1249.766,
  "speedIndex": 1249.766,
  "largestContentfulPaint": 1753.9940000000001,
  "totalBlockingTime": 184.99999999999955,
  "cumulativeLayoutShift": 0.05052775065104166,
  "timeToInteractive": 4931.3955,
  "maxPotentialFirstInputDelay": 292.9999999999991,
  "timeToFirstByte": 14.021999999999998,
  "weight": {
    "summary": "40 requests • 558 KiB",
    "total": 570954,
    "image": 225779,
    "imageCount": 13,
    "script": 243498,
    "scriptCount": 14,
    "document": 55934,
    "font": 40979,
    "fontCount": 4,
    "stylesheet": 0,
    "stylesheetCount": 0,
    "thirdParty": 241910,
    "thirdPartyCount": 27
  },
  "run": {
    "number": 2,
    "total": 3
  },
  "axe": {
    "passes": 1449,
    "violations": 4
  }
}