{
  "url": "https://www.netlify.com/careers/",
  "requestedUrl": "https://www.netlify.com/careers/",
  "timestamp": 1606371144460,
  "ranks": {
    "hundos": 6,
    "performance": 11,
    "accessibility": 12,
    "cumulative": 7
  },
  "lighthouse": {
    "version": "6.4.1",
    "performance": 0.97,
    "accessibility": 0.98,
    "bestPractices": 1,
    "seo": 1,
    "total": 395
  },
  "firstContentfulPaint": 1399.2389999999998,
  "speedIndex": 1785.266266528433,
  "largestContentfulPaint": 2225.058,
  "totalBlockingTime": 20.5,
  "cumulativeLayoutShift": 0,
  "timeToInteractive": 3979.918999999999,
  "maxPotentialFirstInputDelay": 107,
  "timeToFirstByte": 195.29100000000003,
  "weight": {
    "summary": "37 requests • 520 KiB",
    "total": 532974,
    "image": 271115,
    "imageCount": 13,
    "script": 154585,
    "scriptCount": 12,
    "document": 54738,
    "font": 47919,
    "fontCount": 4,
    "stylesheet": 0,
    "stylesheetCount": 0,
    "thirdParty": 153320,
    "thirdPartyCount": 23
  },
  "axe": {
    "passes": 1297,
    "violations": 3
  }
}