{
  "url": "https://www.netlify.com/careers/",
  "requestedUrl": "https://www.netlify.com/careers/",
  "timestamp": 1609481848779,
  "ranks": {
    "hundos": 15,
    "performance": 13,
    "accessibility": 11,
    "cumulative": 16
  },
  "lighthouse": {
    "version": "6.5.0",
    "performance": 0.96,
    "accessibility": 0.98,
    "bestPractices": 1,
    "seo": 0.92,
    "total": 386
  },
  "firstContentfulPaint": 1251.553,
  "speedIndex": 1904.7163042415568,
  "largestContentfulPaint": 1841.1030000000003,
  "totalBlockingTime": 172.00000000000045,
  "cumulativeLayoutShift": 0.00013855743408203123,
  "timeToInteractive": 5058.8955000000005,
  "maxPotentialFirstInputDelay": 253.0000000000009,
  "timeToFirstByte": 724.433,
  "weight": {
    "summary": "41 requests • 558 KiB",
    "total": 571512,
    "image": 225774,
    "imageCount": 13,
    "script": 243539,
    "scriptCount": 14,
    "document": 56495,
    "font": 40946,
    "fontCount": 4,
    "stylesheet": 0,
    "stylesheetCount": 0,
    "thirdParty": 242511,
    "thirdPartyCount": 28
  },
  "run": {
    "number": 3,
    "total": 3
  },
  "axe": {
    "passes": 1449,
    "violations": 4
  }
}