{
  "url": "https://www.netlify.com/careers/",
  "requestedUrl": "https://www.netlify.com/careers/",
  "timestamp": 1606111972547,
  "ranks": {
    "hundos": 7,
    "performance": 12,
    "accessibility": 12,
    "cumulative": 7
  },
  "lighthouse": {
    "version": "6.4.1",
    "performance": 0.96,
    "accessibility": 0.98,
    "bestPractices": 1,
    "seo": 1,
    "total": 394
  },
  "firstContentfulPaint": 1466.142,
  "speedIndex": 1643.2138351543877,
  "largestContentfulPaint": 2462.294,
  "totalBlockingTime": 52,
  "cumulativeLayoutShift": 0,
  "timeToInteractive": 3962.098,
  "maxPotentialFirstInputDelay": 90,
  "timeToFirstByte": 218.87600000000003,
  "weight": {
    "summary": "37 requests • 521 KiB",
    "total": 533050,
    "image": 271081,
    "imageCount": 13,
    "script": 154440,
    "scriptCount": 12,
    "document": 54968,
    "font": 47940,
    "fontCount": 4,
    "stylesheet": 0,
    "stylesheetCount": 0,
    "thirdParty": 153217,
    "thirdPartyCount": 23
  },
  "axe": {
    "passes": 1282,
    "violations": 3
  }
}