{
  "url": "https://www.netlify.com/careers/",
  "requestedUrl": "https://www.netlify.com/careers/",
  "timestamp": 1608531007452,
  "ranks": {
    "hundos": 17,
    "performance": 12,
    "accessibility": 12,
    "cumulative": 17
  },
  "lighthouse": {
    "version": "6.5.0",
    "performance": 0.96,
    "accessibility": 0.98,
    "bestPractices": 1,
    "seo": 0.92,
    "total": 386
  },
  "firstContentfulPaint": 1273.495,
  "speedIndex": 1273.495,
  "largestContentfulPaint": 1835.481,
  "totalBlockingTime": 184.50000000000045,
  "cumulativeLayoutShift": 0.00013855743408203123,
  "timeToInteractive": 4964.935,
  "maxPotentialFirstInputDelay": 246.0000000000009,
  "timeToFirstByte": 12.590000000000003,
  "weight": {
    "summary": "40 requests • 557 KiB",
    "total": 570691,
    "image": 225716,
    "imageCount": 13,
    "script": 243471,
    "scriptCount": 14,
    "document": 55776,
    "font": 40973,
    "fontCount": 4,
    "stylesheet": 0,
    "stylesheetCount": 0,
    "thirdParty": 241876,
    "thirdPartyCount": 27
  },
  "run": {
    "number": 2,
    "total": 3
  },
  "axe": {
    "passes": 1489,
    "violations": 4
  }
}