{
  "url": "https://jamstackconf.com/2020/october/",
  "requestedUrl": "https://jamstackconf.com/virtual/",
  "timestamp": 1606630411336,
  "ranks": {
    "hundos": 13,
    "performance": 1,
    "accessibility": 1,
    "cumulative": 11
  },
  "lighthouse": {
    "version": "6.4.1",
    "performance": 1,
    "accessibility": 1,
    "bestPractices": 1,
    "seo": 0.92,
    "total": 392
  },
  "firstContentfulPaint": 925.8380000000001,
  "speedIndex": 925.8380000000001,
  "largestContentfulPaint": 1604.6485000000002,
  "totalBlockingTime": 23,
  "cumulativeLayoutShift": 0.0090341796875,
  "timeToInteractive": 2219.995,
  "maxPotentialFirstInputDelay": 67,
  "timeToFirstByte": 12.84,
  "weight": {
    "summary": "15 requests • 125 KiB",
    "total": 128011,
    "image": 235,
    "imageCount": 1,
    "script": 61123,
    "scriptCount": 3,
    "document": 10794,
    "font": 47917,
    "fontCount": 4,
    "stylesheet": 7183,
    "stylesheetCount": 3,
    "thirdParty": 108783,
    "thirdPartyCount": 10
  },
  "axe": {
    "passes": 671,
    "violations": 0
  }
}