{
  "url": "https://jamstackconf.com/2020/october/",
  "requestedUrl": "https://jamstackconf.com/virtual/",
  "timestamp": 1605161218247,
  "ranks": {
    "hundos": 13,
    "performance": 1,
    "accessibility": 6,
    "cumulative": 11
  },
  "lighthouse": {
    "version": "6.4.1",
    "performance": 1,
    "accessibility": 1,
    "bestPractices": 1,
    "seo": 0.92,
    "total": 392
  },
  "firstContentfulPaint": 910.477,
  "speedIndex": 910.477,
  "largestContentfulPaint": 1590.6674999999998,
  "totalBlockingTime": 85,
  "cumulativeLayoutShift": 0.006488932291666666,
  "timeToInteractive": 2240.393,
  "maxPotentialFirstInputDelay": 107,
  "timeToFirstByte": 7.521999999999999,
  "weight": {
    "summary": "15 requests • 125 KiB",
    "total": 128182,
    "image": 236,
    "imageCount": 1,
    "script": 61137,
    "scriptCount": 3,
    "document": 10823,
    "font": 47936,
    "fontCount": 4,
    "stylesheet": 7270,
    "stylesheetCount": 3,
    "thirdParty": 108922,
    "thirdPartyCount": 10
  },
  "axe": {
    "passes": 672,
    "violations": 1
  }
}