{
  "url": "https://jamstackconf.com/2020/october/",
  "requestedUrl": "https://jamstackconf.com/virtual/",
  "timestamp": 1606198426358,
  "ranks": {
    "hundos": 10,
    "performance": 1,
    "accessibility": 1,
    "cumulative": 10
  },
  "lighthouse": {
    "version": "6.4.1",
    "performance": 1,
    "accessibility": 1,
    "bestPractices": 1,
    "seo": 0.92,
    "total": 392
  },
  "firstContentfulPaint": 930.073,
  "speedIndex": 930.073,
  "largestContentfulPaint": 1609.48,
  "totalBlockingTime": 34,
  "cumulativeLayoutShift": 0.004732747395833333,
  "timeToInteractive": 2227.1299999999997,
  "maxPotentialFirstInputDelay": 67,
  "timeToFirstByte": 14.458,
  "weight": {
    "summary": "15 requests • 125 KiB",
    "total": 128034,
    "image": 262,
    "imageCount": 1,
    "script": 61093,
    "scriptCount": 3,
    "document": 10793,
    "font": 47917,
    "fontCount": 4,
    "stylesheet": 7211,
    "stylesheetCount": 3,
    "thirdParty": 108783,
    "thirdPartyCount": 10
  },
  "axe": {
    "passes": 671,
    "violations": 0
  }
}