{
  "url": "https://jamstackconf.com/2020/october/",
  "requestedUrl": "https://jamstackconf.com/virtual/",
  "timestamp": 1609222635230,
  "ranks": {
    "hundos": 11,
    "performance": 1,
    "accessibility": 1,
    "cumulative": 9
  },
  "lighthouse": {
    "version": "6.5.0",
    "performance": 1,
    "accessibility": 1,
    "bestPractices": 1,
    "seo": 0.92,
    "total": 392
  },
  "firstContentfulPaint": 949.952,
  "speedIndex": 968.7809968451677,
  "largestContentfulPaint": 1766.204,
  "totalBlockingTime": 25,
  "cumulativeLayoutShift": 0.009074869791666666,
  "timeToInteractive": 2252.796,
  "maxPotentialFirstInputDelay": 69,
  "timeToFirstByte": 18.932,
  "weight": {
    "summary": "15 requests • 126 KiB",
    "total": 129488,
    "image": 235,
    "imageCount": 1,
    "script": 61440,
    "scriptCount": 3,
    "document": 11890,
    "font": 47916,
    "fontCount": 4,
    "stylesheet": 7248,
    "stylesheetCount": 3,
    "thirdParty": 109161,
    "thirdPartyCount": 10
  },
  "run": {
    "number": 3,
    "total": 3
  },
  "axe": {
    "passes": 671,
    "violations": 0
  }
}