{
  "url": "https://jamstackconf.com/2020/october/",
  "requestedUrl": "https://jamstackconf.com/virtual/",
  "timestamp": 1607408642127,
  "ranks": {
    "hundos": 2,
    "performance": 1,
    "accessibility": 1,
    "cumulative": 1
  },
  "lighthouse": {
    "version": "6.5.0",
    "performance": 1,
    "accessibility": 1,
    "bestPractices": 1,
    "seo": 0.92,
    "total": 392
  },
  "firstContentfulPaint": 978.6160000000001,
  "speedIndex": 1064.7821615686134,
  "largestContentfulPaint": 1647.5240000000003,
  "totalBlockingTime": 31,
  "cumulativeLayoutShift": 0.009251871744791666,
  "timeToInteractive": 2261.061,
  "maxPotentialFirstInputDelay": 75,
  "timeToFirstByte": 26.676000000000002,
  "weight": {
    "summary": "15 requests • 126 KiB",
    "total": 128628,
    "image": 235,
    "imageCount": 1,
    "script": 61687,
    "scriptCount": 3,
    "document": 10823,
    "font": 47913,
    "fontCount": 4,
    "stylesheet": 7212,
    "stylesheetCount": 3,
    "thirdParty": 109124,
    "thirdPartyCount": 10
  },
  "axe": {
    "passes": 671,
    "violations": 0
  }
}