{
  "url": "https://jamstackconf.com/2020/october/",
  "requestedUrl": "https://jamstackconf.com/virtual/",
  "timestamp": 1604902786148,
  "ranks": {
    "hundos": 2,
    "performance": 1,
    "accessibility": 6,
    "cumulative": 1
  },
  "lighthouse": {
    "version": "6.4.1",
    "performance": 1,
    "accessibility": 1,
    "bestPractices": 1,
    "seo": 0.92,
    "total": 392
  },
  "firstContentfulPaint": 904.1679999999999,
  "speedIndex": 904.1679999999999,
  "largestContentfulPaint": 1757.2289999999994,
  "totalBlockingTime": 81,
  "cumulativeLayoutShift": 0.006421549479166667,
  "timeToInteractive": 2231.529,
  "maxPotentialFirstInputDelay": 94,
  "timeToFirstByte": 7.3260000000000005,
  "weight": {
    "summary": "15 requests • 125 KiB",
    "total": 127806,
    "image": 235,
    "imageCount": 1,
    "script": 60791,
    "scriptCount": 3,
    "document": 10817,
    "font": 47937,
    "fontCount": 4,
    "stylesheet": 7246,
    "stylesheetCount": 3,
    "thirdParty": 108578,
    "thirdPartyCount": 10
  },
  "axe": {
    "passes": 672,
    "violations": 1
  }
}