{
  "url": "https://jamstackconf.com/2020/october/",
  "requestedUrl": "https://jamstackconf.com/virtual/",
  "timestamp": 1605334610212,
  "ranks": {
    "hundos": 12,
    "performance": 1,
    "accessibility": 6,
    "cumulative": 11
  },
  "lighthouse": {
    "version": "6.4.1",
    "performance": 1,
    "accessibility": 1,
    "bestPractices": 1,
    "seo": 0.92,
    "total": 392
  },
  "firstContentfulPaint": 953.6870000000001,
  "speedIndex": 973.7120549223512,
  "largestContentfulPaint": 1622.9695000000002,
  "totalBlockingTime": 114,
  "cumulativeLayoutShift": 0.006488932291666666,
  "timeToInteractive": 2294.6990000000005,
  "maxPotentialFirstInputDelay": 120,
  "timeToFirstByte": 19.176000000000002,
  "weight": {
    "summary": "15 requests • 126 KiB",
    "total": 129144,
    "image": 236,
    "imageCount": 1,
    "script": 61119,
    "scriptCount": 3,
    "document": 11863,
    "font": 47915,
    "fontCount": 4,
    "stylesheet": 7252,
    "stylesheetCount": 3,
    "thirdParty": 108841,
    "thirdPartyCount": 10
  },
  "axe": {
    "passes": 672,
    "violations": 1
  }
}