{
  "url": "https://jamstackconf.com/2020/october/",
  "requestedUrl": "https://jamstackconf.com/virtual/",
  "timestamp": 1605507268281,
  "ranks": {
    "hundos": 14,
    "performance": 1,
    "accessibility": 6,
    "cumulative": 12
  },
  "lighthouse": {
    "version": "6.4.1",
    "performance": 0.99,
    "accessibility": 1,
    "bestPractices": 1,
    "seo": 0.92,
    "total": 391
  },
  "firstContentfulPaint": 978.6689999999999,
  "speedIndex": 1087.9518670178395,
  "largestContentfulPaint": 1811.5459999999998,
  "totalBlockingTime": 66,
  "cumulativeLayoutShift": 0.006488932291666666,
  "timeToInteractive": 2304.8669999999997,
  "maxPotentialFirstInputDelay": 93,
  "timeToFirstByte": 26.916,
  "weight": {
    "summary": "15 requests • 125 KiB",
    "total": 128044,
    "image": 235,
    "imageCount": 1,
    "script": 61094,
    "scriptCount": 3,
    "document": 10794,
    "font": 47914,
    "fontCount": 4,
    "stylesheet": 7248,
    "stylesheetCount": 3,
    "thirdParty": 108816,
    "thirdPartyCount": 10
  },
  "axe": {
    "passes": 672,
    "violations": 1
  }
}