{
  "url": "https://jamstackconf.com/2020/october/",
  "requestedUrl": "https://jamstackconf.com/virtual/",
  "timestamp": 1608530920853,
  "ranks": {
    "hundos": 13,
    "performance": 1,
    "accessibility": 1,
    "cumulative": 10
  },
  "lighthouse": {
    "version": "6.5.0",
    "performance": 1,
    "accessibility": 1,
    "bestPractices": 1,
    "seo": 0.92,
    "total": 392
  },
  "firstContentfulPaint": 951.567,
  "speedIndex": 951.567,
  "largestContentfulPaint": 1625.3444999999997,
  "totalBlockingTime": 43,
  "cumulativeLayoutShift": 0.0090341796875,
  "timeToInteractive": 2250.621,
  "maxPotentialFirstInputDelay": 75,
  "timeToFirstByte": 21.887,
  "weight": {
    "summary": "15 requests • 125 KiB",
    "total": 128432,
    "image": 264,
    "imageCount": 1,
    "script": 61423,
    "scriptCount": 3,
    "document": 10823,
    "font": 47917,
    "fontCount": 4,
    "stylesheet": 7245,
    "stylesheetCount": 3,
    "thirdParty": 109138,
    "thirdPartyCount": 10
  },
  "run": {
    "number": 1,
    "total": 3
  },
  "axe": {
    "passes": 671,
    "violations": 0
  }
}