{
  "url": "https://jamstackconf.com/2020/october/",
  "requestedUrl": "https://jamstackconf.com/virtual/",
  "timestamp": 1607321533627,
  "ranks": {
    "hundos": 15,
    "performance": 3,
    "accessibility": 1,
    "cumulative": 14
  },
  "lighthouse": {
    "version": "6.5.0",
    "performance": 0.99,
    "accessibility": 1,
    "bestPractices": 1,
    "seo": 0.92,
    "total": 391
  },
  "firstContentfulPaint": 1019.5200000000002,
  "speedIndex": 1168.232225200792,
  "largestContentfulPaint": 1962.7300000000002,
  "totalBlockingTime": 12,
  "cumulativeLayoutShift": 0.005268039279513889,
  "timeToInteractive": 2154.34,
  "maxPotentialFirstInputDelay": 68,
  "timeToFirstByte": 44.062,
  "weight": {
    "summary": "15 requests • 125 KiB",
    "total": 127745,
    "image": 235,
    "imageCount": 1,
    "script": 61156,
    "scriptCount": 3,
    "document": 10817,
    "font": 47885,
    "fontCount": 4,
    "stylesheet": 7212,
    "stylesheetCount": 3,
    "thirdParty": 108466,
    "thirdPartyCount": 10
  },
  "axe": {
    "passes": 671,
    "violations": 0
  }
}