{
  "url": "https://jamstackconf.com/2020/october/",
  "requestedUrl": "https://jamstackconf.com/virtual/",
  "timestamp": 1604729989347,
  "ranks": {
    "hundos": 1,
    "performance": 1,
    "accessibility": 6,
    "cumulative": 1
  },
  "lighthouse": {
    "version": "6.4.1",
    "performance": 1,
    "accessibility": 1,
    "bestPractices": 1,
    "seo": 0.92,
    "total": 392
  },
  "firstContentfulPaint": 934.7429999999999,
  "speedIndex": 934.7429999999999,
  "largestContentfulPaint": 1790.1059999999998,
  "totalBlockingTime": 100,
  "cumulativeLayoutShift": 0.006644449869791667,
  "timeToInteractive": 2291.1549999999997,
  "maxPotentialFirstInputDelay": 105,
  "timeToFirstByte": 14.924000000000001,
  "weight": {
    "summary": "15 requests • 125 KiB",
    "total": 127954,
    "image": 265,
    "imageCount": 1,
    "script": 60906,
    "scriptCount": 3,
    "document": 10795,
    "font": 47937,
    "fontCount": 4,
    "stylesheet": 7270,
    "stylesheetCount": 3,
    "thirdParty": 108692,
    "thirdPartyCount": 10
  },
  "axe": {
    "passes": 672,
    "violations": 1
  }
}