{
  "url": "https://jamstackconf.com/2020/october/",
  "requestedUrl": "https://jamstackconf.com/virtual/",
  "timestamp": 1608963073559,
  "ranks": {
    "hundos": 12,
    "performance": 1,
    "accessibility": 1,
    "cumulative": 11
  },
  "lighthouse": {
    "version": "6.5.0",
    "performance": 1,
    "accessibility": 1,
    "bestPractices": 1,
    "seo": 0.92,
    "total": 392
  },
  "firstContentfulPaint": 905.053,
  "speedIndex": 905.053,
  "largestContentfulPaint": 1589.2664999999997,
  "totalBlockingTime": 10,
  "cumulativeLayoutShift": 0.009074869791666666,
  "timeToInteractive": 2197.7389999999996,
  "maxPotentialFirstInputDelay": 59,
  "timeToFirstByte": 7.224,
  "weight": {
    "summary": "15 requests • 126 KiB",
    "total": 129463,
    "image": 235,
    "imageCount": 1,
    "script": 61416,
    "scriptCount": 3,
    "document": 11891,
    "font": 47914,
    "fontCount": 4,
    "stylesheet": 7248,
    "stylesheetCount": 3,
    "thirdParty": 109135,
    "thirdPartyCount": 10
  },
  "run": {
    "number": 2,
    "total": 3
  },
  "axe": {
    "passes": 671,
    "violations": 0
  }
}