{
  "url": "https://jamstackconf.com/2020/october/",
  "requestedUrl": "https://jamstackconf.com/virtual/",
  "timestamp": 1604988382086,
  "ranks": {
    "hundos": 2,
    "performance": 1,
    "accessibility": 6,
    "cumulative": 2
  },
  "lighthouse": {
    "version": "6.4.1",
    "performance": 1,
    "accessibility": 1,
    "bestPractices": 1,
    "seo": 0.92,
    "total": 392
  },
  "firstContentfulPaint": 903.1419999999999,
  "speedIndex": 903.1419999999999,
  "largestContentfulPaint": 1588.652,
  "totalBlockingTime": 37,
  "cumulativeLayoutShift": 0.006488932291666666,
  "timeToInteractive": 2229.966,
  "maxPotentialFirstInputDelay": 74,
  "timeToFirstByte": 8.056,
  "weight": {
    "summary": "15 requests • 125 KiB",
    "total": 127812,
    "image": 235,
    "imageCount": 1,
    "script": 60767,
    "scriptCount": 3,
    "document": 10823,
    "font": 47938,
    "fontCount": 4,
    "stylesheet": 7269,
    "stylesheetCount": 3,
    "thirdParty": 108555,
    "thirdPartyCount": 10
  },
  "axe": {
    "passes": 672,
    "violations": 1
  }
}