{
  "url": "https://jamstackconf.com/2020/october/",
  "requestedUrl": "https://jamstackconf.com/virtual/",
  "timestamp": 1609654641079,
  "ranks": {
    "hundos": 6,
    "performance": 2,
    "accessibility": 1,
    "cumulative": 4
  },
  "lighthouse": {
    "version": "6.5.0",
    "performance": 1,
    "accessibility": 1,
    "bestPractices": 1,
    "seo": 0.92,
    "total": 392
  },
  "firstContentfulPaint": 982.759,
  "speedIndex": 1450.8589873829587,
  "largestContentfulPaint": 1659.462,
  "totalBlockingTime": 62,
  "cumulativeLayoutShift": 0.009251871744791666,
  "timeToInteractive": 2287.726,
  "maxPotentialFirstInputDelay": 85,
  "timeToFirstByte": 225.18400000000003,
  "weight": {
    "summary": "15 requests • 125 KiB",
    "total": 128456,
    "image": 264,
    "imageCount": 1,
    "script": 61462,
    "scriptCount": 3,
    "document": 10813,
    "font": 47917,
    "fontCount": 4,
    "stylesheet": 7245,
    "stylesheetCount": 3,
    "thirdParty": 109162,
    "thirdPartyCount": 10
  },
  "run": {
    "number": 2,
    "total": 3
  },
  "axe": {
    "passes": 671,
    "violations": 0
  }
}