{
  "url": "https://jamstackconf.com/2020/october/",
  "requestedUrl": "https://jamstackconf.com/virtual/",
  "timestamp": 1604556844362,
  "ranks": {
    "hundos": 2,
    "performance": 1,
    "accessibility": 6,
    "cumulative": 1
  },
  "lighthouse": {
    "version": "6.4.1",
    "performance": 1,
    "accessibility": 1,
    "bestPractices": 1,
    "seo": 0.92,
    "total": 392
  },
  "firstContentfulPaint": 904.299,
  "speedIndex": 1052.3716168267606,
  "largestContentfulPaint": 1591.724,
  "totalBlockingTime": 119,
  "cumulativeLayoutShift": 0.006488932291666666,
  "timeToInteractive": 2270.067,
  "maxPotentialFirstInputDelay": 130,
  "timeToFirstByte": 6.762,
  "weight": {
    "summary": "15 requests • 125 KiB",
    "total": 127808,
    "image": 263,
    "imageCount": 1,
    "script": 60770,
    "scriptCount": 3,
    "document": 10794,
    "font": 47935,
    "fontCount": 4,
    "stylesheet": 7268,
    "stylesheetCount": 3,
    "thirdParty": 108550,
    "thirdPartyCount": 10
  },
  "axe": {
    "passes": 672,
    "violations": 1
  }
}