{
  "url": "https://jamstackconf.com/2020/october/",
  "requestedUrl": "https://jamstackconf.com/virtual/",
  "timestamp": 1605939431449,
  "ranks": {
    "hundos": 12,
    "performance": 1,
    "accessibility": 1,
    "cumulative": 11
  },
  "lighthouse": {
    "version": "6.4.1",
    "performance": 1,
    "accessibility": 1,
    "bestPractices": 1,
    "seo": 0.92,
    "total": 392
  },
  "firstContentfulPaint": 956.4499999999999,
  "speedIndex": 1008.7355050681131,
  "largestContentfulPaint": 1627.386,
  "totalBlockingTime": 77,
  "cumulativeLayoutShift": 0.009251871744791666,
  "timeToInteractive": 2287.84,
  "maxPotentialFirstInputDelay": 89,
  "timeToFirstByte": 28.142,
  "weight": {
    "summary": "15 requests • 126 KiB",
    "total": 129347,
    "image": 235,
    "imageCount": 1,
    "script": 61361,
    "scriptCount": 3,
    "document": 11867,
    "font": 47913,
    "fontCount": 4,
    "stylesheet": 7213,
    "stylesheetCount": 3,
    "thirdParty": 108803,
    "thirdPartyCount": 10
  },
  "axe": {
    "passes": 671,
    "violations": 0
  }
}