{
  "url": "https://jamstackconf.com/2020/october/",
  "requestedUrl": "https://jamstackconf.com/virtual/",
  "timestamp": 1606889723366,
  "ranks": {
    "hundos": 11,
    "performance": 1,
    "accessibility": 1,
    "cumulative": 9
  },
  "lighthouse": {
    "version": "6.5.0",
    "performance": 1,
    "accessibility": 1,
    "bestPractices": 1,
    "seo": 0.92,
    "total": 392
  },
  "firstContentfulPaint": 929.845,
  "speedIndex": 950.2396469910846,
  "largestContentfulPaint": 1610.935,
  "totalBlockingTime": 55,
  "cumulativeLayoutShift": 0.004732747395833333,
  "timeToInteractive": 2238.207,
  "maxPotentialFirstInputDelay": 78,
  "timeToFirstByte": 14.869,
  "weight": {
    "summary": "15 requests • 125 KiB",
    "total": 128060,
    "image": 235,
    "imageCount": 1,
    "script": 61146,
    "scriptCount": 3,
    "document": 10794,
    "font": 47915,
    "fontCount": 4,
    "stylesheet": 7211,
    "stylesheetCount": 3,
    "thirdParty": 108805,
    "thirdPartyCount": 10
  },
  "axe": {
    "passes": 671,
    "violations": 0
  }
}