{
  "url": "https://jamstackconf.com/2020/october/",
  "requestedUrl": "https://jamstackconf.com/virtual/",
  "timestamp": 1609049516784,
  "ranks": {
    "hundos": 7,
    "performance": 2,
    "accessibility": 1,
    "cumulative": 7
  },
  "lighthouse": {
    "version": "6.5.0",
    "performance": 0.99,
    "accessibility": 1,
    "bestPractices": 1,
    "seo": 0.92,
    "total": 391
  },
  "firstContentfulPaint": 1162.6109999999999,
  "speedIndex": 1177.9742380000075,
  "largestContentfulPaint": 2024.946,
  "totalBlockingTime": 54,
  "cumulativeLayoutShift": 0.0090341796875,
  "timeToInteractive": 3188.6150000000002,
  "maxPotentialFirstInputDelay": 104,
  "timeToFirstByte": 68.82600000000001,
  "weight": {
    "summary": "15 requests • 125 KiB",
    "total": 128418,
    "image": 263,
    "imageCount": 1,
    "script": 61444,
    "scriptCount": 3,
    "document": 10793,
    "font": 47916,
    "fontCount": 4,
    "stylesheet": 7244,
    "stylesheetCount": 3,
    "thirdParty": 109137,
    "thirdPartyCount": 10
  },
  "run": {
    "number": 2,
    "total": 3
  },
  "axe": {
    "passes": 671,
    "violations": 0
  }
}