{
  "url": "https://jamstackconf.com/2020/october/",
  "requestedUrl": "https://jamstackconf.com/virtual/",
  "timestamp": 1607148869692,
  "ranks": {
    "hundos": 16,
    "performance": 15,
    "accessibility": 1,
    "cumulative": 16
  },
  "lighthouse": {
    "version": "6.5.0",
    "performance": 0.96,
    "accessibility": 1,
    "bestPractices": 1,
    "seo": 0.92,
    "total": 388
  },
  "firstContentfulPaint": 1517.6190000000001,
  "speedIndex": 2655.320919580735,
  "largestContentfulPaint": 2423.2400000000002,
  "totalBlockingTime": 41,
  "cumulativeLayoutShift": 0.009251871744791666,
  "timeToInteractive": 3422.492,
  "maxPotentialFirstInputDelay": 91,
  "timeToFirstByte": 159.64,
  "weight": {
    "summary": "15 requests • 125 KiB",
    "total": 127763,
    "image": 242,
    "imageCount": 1,
    "script": 61128,
    "scriptCount": 3,
    "document": 10823,
    "font": 47917,
    "fontCount": 4,
    "stylesheet": 7213,
    "stylesheetCount": 3,
    "thirdParty": 108498,
    "thirdPartyCount": 10
  },
  "axe": {
    "passes": 671,
    "violations": 0
  }
}