{
  "url": "https://jamstackconf.com/2020/october/",
  "requestedUrl": "https://jamstackconf.com/virtual/",
  "timestamp": 1605766418640,
  "ranks": {
    "hundos": 12,
    "performance": 11,
    "accessibility": 1,
    "cumulative": 11
  },
  "lighthouse": {
    "version": "6.4.1",
    "performance": 0.94,
    "accessibility": 1,
    "bestPractices": 1,
    "seo": 0.92,
    "total": 386
  },
  "firstContentfulPaint": 1163.17,
  "speedIndex": 1860.104625491815,
  "largestContentfulPaint": 3043.394,
  "totalBlockingTime": 64,
  "cumulativeLayoutShift": 0.009251871744791666,
  "timeToInteractive": 3193.4629999999997,
  "maxPotentialFirstInputDelay": 110,
  "timeToFirstByte": 67.658,
  "weight": {
    "summary": "15 requests • 125 KiB",
    "total": 128015,
    "image": 258,
    "imageCount": 1,
    "script": 61100,
    "scriptCount": 3,
    "document": 10794,
    "font": 47915,
    "fontCount": 4,
    "stylesheet": 7189,
    "stylesheetCount": 3,
    "thirdParty": 108781,
    "thirdPartyCount": 10
  },
  "axe": {
    "passes": 671,
    "violations": 0
  }
}