{
  "url": "https://jamstackconf.com/2020/october/",
  "requestedUrl": "https://jamstackconf.com/virtual/",
  "timestamp": 1607580730052,
  "ranks": {
    "hundos": 2,
    "performance": 1,
    "accessibility": 1,
    "cumulative": 1
  },
  "lighthouse": {
    "version": "6.5.0",
    "performance": 0.99,
    "accessibility": 1,
    "bestPractices": 1,
    "seo": 0.92,
    "total": 391
  },
  "firstContentfulPaint": 1162.569,
  "speedIndex": 1881.9108669454104,
  "largestContentfulPaint": 2014.3129999999999,
  "totalBlockingTime": 72,
  "cumulativeLayoutShift": 0.009074869791666666,
  "timeToInteractive": 3183.911,
  "maxPotentialFirstInputDelay": 110,
  "timeToFirstByte": 67.795,
  "weight": {
    "summary": "15 requests • 125 KiB",
    "total": 128424,
    "image": 264,
    "imageCount": 1,
    "script": 61445,
    "scriptCount": 3,
    "document": 10794,
    "font": 47917,
    "fontCount": 4,
    "stylesheet": 7245,
    "stylesheetCount": 3,
    "thirdParty": 109138,
    "thirdPartyCount": 10
  },
  "axe": {
    "passes": 671,
    "violations": 0
  }
}