{
  "url": "https://jamstackconf.com/2020/october/",
  "requestedUrl": "https://jamstackconf.com/virtual/",
  "timestamp": 1605680279684,
  "ranks": {
    "hundos": 10,
    "performance": 1,
    "accessibility": 1,
    "cumulative": 9
  },
  "lighthouse": {
    "version": "6.4.1",
    "performance": 1,
    "accessibility": 1,
    "bestPractices": 1,
    "seo": 0.92,
    "total": 392
  },
  "firstContentfulPaint": 980.0120000000002,
  "speedIndex": 1020.6103442918934,
  "largestContentfulPaint": 1642.4860000000003,
  "totalBlockingTime": 63,
  "cumulativeLayoutShift": 0.009251871744791666,
  "timeToInteractive": 2286.271,
  "maxPotentialFirstInputDelay": 122,
  "timeToFirstByte": 26.790999999999997,
  "weight": {
    "summary": "15 requests • 125 KiB",
    "total": 128087,
    "image": 264,
    "imageCount": 1,
    "script": 61118,
    "scriptCount": 3,
    "document": 10817,
    "font": 47917,
    "fontCount": 4,
    "stylesheet": 7212,
    "stylesheetCount": 3,
    "thirdParty": 108807,
    "thirdPartyCount": 10
  },
  "axe": {
    "passes": 671,
    "violations": 0
  }
}