{
  "url": "https://jamstackconf.com/2020/october/",
  "requestedUrl": "https://jamstackconf.com/virtual/",
  "timestamp": 1607235263024,
  "ranks": {
    "hundos": 14,
    "performance": 1,
    "accessibility": 1,
    "cumulative": 13
  },
  "lighthouse": {
    "version": "6.5.0",
    "performance": 1,
    "accessibility": 1,
    "bestPractices": 1,
    "seo": 0.92,
    "total": 392
  },
  "firstContentfulPaint": 952.3520000000001,
  "speedIndex": 1025.7768161496363,
  "largestContentfulPaint": 1801.971,
  "totalBlockingTime": 77,
  "cumulativeLayoutShift": 0.009074869791666666,
  "timeToInteractive": 2261.599,
  "maxPotentialFirstInputDelay": 100,
  "timeToFirstByte": 20.349,
  "weight": {
    "summary": "15 requests • 126 KiB",
    "total": 129146,
    "image": 240,
    "imageCount": 1,
    "script": 61128,
    "scriptCount": 3,
    "document": 11891,
    "font": 47915,
    "fontCount": 4,
    "stylesheet": 7214,
    "stylesheetCount": 3,
    "thirdParty": 108815,
    "thirdPartyCount": 10
  },
  "axe": {
    "passes": 671,
    "violations": 0
  }
}