{
  "url": "https://jamstackconf.com/2020/october/",
  "requestedUrl": "https://jamstackconf.com/virtual/",
  "timestamp": 1609395522298,
  "ranks": {
    "hundos": 10,
    "performance": 1,
    "accessibility": 1,
    "cumulative": 9
  },
  "lighthouse": {
    "version": "6.5.0",
    "performance": 1,
    "accessibility": 1,
    "bestPractices": 1,
    "seo": 0.92,
    "total": 392
  },
  "firstContentfulPaint": 951.7509999999999,
  "speedIndex": 951.7509999999999,
  "largestContentfulPaint": 1625.6825,
  "totalBlockingTime": 60.44100000000003,
  "cumulativeLayoutShift": 0.009074869791666666,
  "timeToInteractive": 2230.4429999999998,
  "maxPotentialFirstInputDelay": 98,
  "timeToFirstByte": 20.427,
  "weight": {
    "summary": "15 requests • 125 KiB",
    "total": 128417,
    "image": 235,
    "imageCount": 1,
    "script": 61440,
    "scriptCount": 3,
    "document": 10823,
    "font": 47916,
    "fontCount": 4,
    "stylesheet": 7245,
    "stylesheetCount": 3,
    "thirdParty": 109161,
    "thirdPartyCount": 10
  },
  "run": {
    "number": 2,
    "total": 3
  },
  "axe": {
    "passes": 671,
    "violations": 0
  }
}