{
  "url": "https://jamstackconf.com/2020/october/",
  "requestedUrl": "https://jamstackconf.com/virtual/",
  "timestamp": 1608012814712,
  "ranks": {
    "hundos": 2,
    "performance": 1,
    "accessibility": 1,
    "cumulative": 1
  },
  "lighthouse": {
    "version": "6.5.0",
    "performance": 1,
    "accessibility": 1,
    "bestPractices": 1,
    "seo": 0.92,
    "total": 392
  },
  "firstContentfulPaint": 951.529,
  "speedIndex": 1069.1910814066396,
  "largestContentfulPaint": 1628.2540000000001,
  "totalBlockingTime": 21,
  "cumulativeLayoutShift": 0.005269938151041666,
  "timeToInteractive": 2226.3109999999997,
  "maxPotentialFirstInputDelay": 68,
  "timeToFirstByte": 20.614,
  "weight": {
    "summary": "15 requests • 127 KiB",
    "total": 129997,
    "image": 264,
    "imageCount": 1,
    "script": 61632,
    "scriptCount": 3,
    "document": 11891,
    "font": 47916,
    "fontCount": 4,
    "stylesheet": 7538,
    "stylesheetCount": 3,
    "thirdParty": 109137,
    "thirdPartyCount": 10
  },
  "run": {
    "number": 2,
    "total": 3
  },
  "axe": {
    "passes": 671,
    "violations": 0
  }
}