{
  "url": "https://jamstackconf.com/2020/october/",
  "requestedUrl": "https://jamstackconf.com/virtual/",
  "timestamp": 1609481947100,
  "ranks": {
    "hundos": 10,
    "performance": 1,
    "accessibility": 1,
    "cumulative": 8
  },
  "lighthouse": {
    "version": "6.5.0",
    "performance": 1,
    "accessibility": 1,
    "bestPractices": 1,
    "seo": 0.92,
    "total": 392
  },
  "firstContentfulPaint": 902.7819999999999,
  "speedIndex": 902.7819999999999,
  "largestContentfulPaint": 1592.8555,
  "totalBlockingTime": 62,
  "cumulativeLayoutShift": 0.009251871744791666,
  "timeToInteractive": 2226.5349999999994,
  "maxPotentialFirstInputDelay": 84,
  "timeToFirstByte": 6.547,
  "weight": {
    "summary": "15 requests • 127 KiB",
    "total": 129546,
    "image": 264,
    "imageCount": 1,
    "script": 61469,
    "scriptCount": 3,
    "document": 11891,
    "font": 47915,
    "fontCount": 4,
    "stylesheet": 7248,
    "stylesheetCount": 3,
    "thirdParty": 109160,
    "thirdPartyCount": 10
  },
  "run": {
    "number": 3,
    "total": 3
  },
  "axe": {
    "passes": 671,
    "violations": 0
  }
}