{
  "url": "https://jamstackconf.com/2020/october/",
  "requestedUrl": "https://jamstackconf.com/virtual/",
  "timestamp": 1605853057858,
  "ranks": {
    "hundos": 13,
    "performance": 1,
    "accessibility": 1,
    "cumulative": 9
  },
  "lighthouse": {
    "version": "6.4.1",
    "performance": 1,
    "accessibility": 1,
    "bestPractices": 1,
    "seo": 0.92,
    "total": 392
  },
  "firstContentfulPaint": 944.0339999999999,
  "speedIndex": 1122.5539924263603,
  "largestContentfulPaint": 1617.1904999999997,
  "totalBlockingTime": 67,
  "cumulativeLayoutShift": 0.009074055989583333,
  "timeToInteractive": 2248.761,
  "maxPotentialFirstInputDelay": 86,
  "timeToFirstByte": 25.692,
  "weight": {
    "summary": "15 requests • 125 KiB",
    "total": 128005,
    "image": 236,
    "imageCount": 1,
    "script": 61119,
    "scriptCount": 3,
    "document": 10795,
    "font": 47885,
    "fontCount": 4,
    "stylesheet": 7212,
    "stylesheetCount": 3,
    "thirdParty": 108775,
    "thirdPartyCount": 10
  },
  "axe": {
    "passes": 671,
    "violations": 0
  }
}