{
  "url": "https://jamstackconf.com/2020/october/",
  "requestedUrl": "https://jamstackconf.com/virtual/",
  "timestamp": 1609308871490,
  "ranks": {
    "hundos": 10,
    "performance": 1,
    "accessibility": 1,
    "cumulative": 10
  },
  "lighthouse": {
    "version": "6.5.0",
    "performance": 1,
    "accessibility": 1,
    "bestPractices": 1,
    "seo": 0.92,
    "total": 392
  },
  "firstContentfulPaint": 928.497,
  "speedIndex": 928.497,
  "largestContentfulPaint": 1608.4880000000003,
  "totalBlockingTime": 10,
  "cumulativeLayoutShift": 0.004732747395833333,
  "timeToInteractive": 2221.1780000000003,
  "maxPotentialFirstInputDelay": 56,
  "timeToFirstByte": 13.149000000000001,
  "weight": {
    "summary": "15 requests • 125 KiB",
    "total": 128397,
    "image": 265,
    "imageCount": 1,
    "script": 61417,
    "scriptCount": 3,
    "document": 10795,
    "font": 47915,
    "fontCount": 4,
    "stylesheet": 7246,
    "stylesheetCount": 3,
    "thirdParty": 109136,
    "thirdPartyCount": 10
  },
  "run": {
    "number": 2,
    "total": 3
  },
  "axe": {
    "passes": 671,
    "violations": 0
  }
}