{
  "url": "https://jamstackconf.com/2020/october/",
  "requestedUrl": "https://jamstackconf.com/virtual/",
  "timestamp": 1606112077543,
  "ranks": {
    "hundos": 12,
    "performance": 1,
    "accessibility": 1,
    "cumulative": 11
  },
  "lighthouse": {
    "version": "6.4.1",
    "performance": 1,
    "accessibility": 1,
    "bestPractices": 1,
    "seo": 0.92,
    "total": 392
  },
  "firstContentfulPaint": 955.475,
  "speedIndex": 955.475,
  "largestContentfulPaint": 1626.3355000000001,
  "totalBlockingTime": 33,
  "cumulativeLayoutShift": 0.009251871744791666,
  "timeToInteractive": 2268.7480000000005,
  "maxPotentialFirstInputDelay": 72,
  "timeToFirstByte": 30.008000000000003,
  "weight": {
    "summary": "15 requests • 125 KiB",
    "total": 127691,
    "image": 235,
    "imageCount": 1,
    "script": 61094,
    "scriptCount": 3,
    "document": 10794,
    "font": 47917,
    "fontCount": 4,
    "stylesheet": 7211,
    "stylesheetCount": 3,
    "thirdParty": 108464,
    "thirdPartyCount": 10
  },
  "axe": {
    "passes": 671,
    "violations": 0
  }
}