{
  "url": "https://jamstackconf.com/2020/october/",
  "requestedUrl": "https://jamstackconf.com/virtual/",
  "timestamp": 1606716829438,
  "ranks": {
    "hundos": 15,
    "performance": 1,
    "accessibility": 1,
    "cumulative": 12
  },
  "lighthouse": {
    "version": "6.4.1",
    "performance": 1,
    "accessibility": 1,
    "bestPractices": 1,
    "seo": 0.92,
    "total": 392
  },
  "firstContentfulPaint": 904.845,
  "speedIndex": 1194.7608200778877,
  "largestContentfulPaint": 1588.4970000000003,
  "totalBlockingTime": 73,
  "cumulativeLayoutShift": 0.009074869791666666,
  "timeToInteractive": 2248.1720000000005,
  "maxPotentialFirstInputDelay": 87,
  "timeToFirstByte": 251.637,
  "weight": {
    "summary": "15 requests • 125 KiB",
    "total": 128351,
    "image": 263,
    "imageCount": 1,
    "script": 61093,
    "scriptCount": 3,
    "document": 10813,
    "font": 47916,
    "fontCount": 4,
    "stylesheet": 7508,
    "stylesheetCount": 3,
    "thirdParty": 108781,
    "thirdPartyCount": 10
  },
  "axe": {
    "passes": 671,
    "violations": 0
  }
}