{
  "url": "https://jamstackconf.com/2020/october/",
  "requestedUrl": "https://jamstackconf.com/virtual/",
  "timestamp": 1605593242945,
  "ranks": {
    "hundos": 13,
    "performance": 1,
    "accessibility": 1,
    "cumulative": 10
  },
  "lighthouse": {
    "version": "6.4.1",
    "performance": 1,
    "accessibility": 1,
    "bestPractices": 1,
    "seo": 0.92,
    "total": 392
  },
  "firstContentfulPaint": 940.961,
  "speedIndex": 1066.7695947604755,
  "largestContentfulPaint": 1615.1539999999998,
  "totalBlockingTime": 67,
  "cumulativeLayoutShift": 0.0090341796875,
  "timeToInteractive": 2271.131,
  "maxPotentialFirstInputDelay": 86,
  "timeToFirstByte": 24.599,
  "weight": {
    "summary": "15 requests • 125 KiB",
    "total": 128008,
    "image": 263,
    "imageCount": 1,
    "script": 61094,
    "scriptCount": 3,
    "document": 10795,
    "font": 47885,
    "fontCount": 4,
    "stylesheet": 7212,
    "stylesheetCount": 3,
    "thirdParty": 108751,
    "thirdPartyCount": 10
  },
  "axe": {
    "passes": 671,
    "violations": 0
  }
}