{
  "url": "https://jamstackconf.com/2020/october/",
  "requestedUrl": "https://jamstackconf.com/virtual/",
  "timestamp": 1608099036998,
  "ranks": {
    "hundos": 10,
    "performance": 2,
    "accessibility": 1,
    "cumulative": 8
  },
  "lighthouse": {
    "version": "6.5.0",
    "performance": 1,
    "accessibility": 1,
    "bestPractices": 1,
    "seo": 0.92,
    "total": 392
  },
  "firstContentfulPaint": 978.539,
  "speedIndex": 1050.2622547910182,
  "largestContentfulPaint": 1644.5724999999998,
  "totalBlockingTime": 47,
  "cumulativeLayoutShift": 0.009074055989583333,
  "timeToInteractive": 2285.5460000000003,
  "maxPotentialFirstInputDelay": 74,
  "timeToFirstByte": 27.787000000000003,
  "weight": {
    "summary": "15 requests • 126 KiB",
    "total": 129491,
    "image": 264,
    "imageCount": 1,
    "script": 61416,
    "scriptCount": 3,
    "document": 11891,
    "font": 47913,
    "fontCount": 4,
    "stylesheet": 7248,
    "stylesheetCount": 3,
    "thirdParty": 109134,
    "thirdPartyCount": 10
  },
  "run": {
    "number": 1,
    "total": 3
  },
  "axe": {
    "passes": 671,
    "violations": 0
  }
}