{
  "url": "https://jamstackconf.com/2020/october/",
  "requestedUrl": "https://jamstackconf.com/virtual/",
  "timestamp": 1607062075658,
  "ranks": {
    "hundos": 10,
    "performance": 2,
    "accessibility": 1,
    "cumulative": 9
  },
  "lighthouse": {
    "version": "6.5.0",
    "performance": 1,
    "accessibility": 1,
    "bestPractices": 1,
    "seo": 0.92,
    "total": 392
  },
  "firstContentfulPaint": 904.5549999999998,
  "speedIndex": 904.5549999999998,
  "largestContentfulPaint": 1753.9119999999998,
  "totalBlockingTime": 64,
  "cumulativeLayoutShift": 0.009074869791666666,
  "timeToInteractive": 2239.7839999999997,
  "maxPotentialFirstInputDelay": 90,
  "timeToFirstByte": 3.703,
  "weight": {
    "summary": "15 requests • 126 KiB",
    "total": 128642,
    "image": 264,
    "imageCount": 1,
    "script": 61372,
    "scriptCount": 3,
    "document": 10823,
    "font": 47916,
    "fontCount": 4,
    "stylesheet": 7508,
    "stylesheetCount": 3,
    "thirdParty": 108816,
    "thirdPartyCount": 10
  },
  "axe": {
    "passes": 671,
    "violations": 0
  }
}