{
  "url": "https://jamstackconf.com/2020/october/",
  "requestedUrl": "https://jamstackconf.com/virtual/",
  "timestamp": 1606457678429,
  "ranks": {
    "hundos": 15,
    "performance": 1,
    "accessibility": 1,
    "cumulative": 14
  },
  "lighthouse": {
    "version": "6.4.1",
    "performance": 1,
    "accessibility": 1,
    "bestPractices": 1,
    "seo": 0.92,
    "total": 392
  },
  "firstContentfulPaint": 940.931,
  "speedIndex": 940.931,
  "largestContentfulPaint": 1664.96,
  "totalBlockingTime": 51,
  "cumulativeLayoutShift": 0.009251871744791666,
  "timeToInteractive": 2219.7670000000003,
  "maxPotentialFirstInputDelay": 83,
  "timeToFirstByte": 75.248,
  "weight": {
    "summary": "15 requests • 125 KiB",
    "total": 128031,
    "image": 258,
    "imageCount": 1,
    "script": 61099,
    "scriptCount": 3,
    "document": 10819,
    "font": 47886,
    "fontCount": 4,
    "stylesheet": 7211,
    "stylesheetCount": 3,
    "thirdParty": 108752,
    "thirdPartyCount": 10
  },
  "axe": {
    "passes": 671,
    "violations": 0
  }
}