{
  "url": "https://jamstackconf.com/2020/october/",
  "requestedUrl": "https://jamstackconf.com/virtual/",
  "timestamp": 1604642880371,
  "ranks": {
    "hundos": 2,
    "performance": 1,
    "accessibility": 6,
    "cumulative": 1
  },
  "lighthouse": {
    "version": "6.4.1",
    "performance": 1,
    "accessibility": 1,
    "bestPractices": 1,
    "seo": 0.92,
    "total": 392
  },
  "firstContentfulPaint": 939.5680000000001,
  "speedIndex": 939.5680000000001,
  "largestContentfulPaint": 1740.7269999999999,
  "totalBlockingTime": 24,
  "cumulativeLayoutShift": 0.006644449869791667,
  "timeToInteractive": 2251.258,
  "maxPotentialFirstInputDelay": 74,
  "timeToFirstByte": 25.43,
  "weight": {
    "summary": "15 requests • 126 KiB",
    "total": 129383,
    "image": 263,
    "imageCount": 1,
    "script": 60982,
    "scriptCount": 3,
    "document": 11890,
    "font": 47909,
    "fontCount": 4,
    "stylesheet": 7560,
    "stylesheetCount": 3,
    "thirdParty": 108526,
    "thirdPartyCount": 10
  },
  "axe": {
    "passes": 672,
    "violations": 1
  }
}