{
  "url": "https://jamstackconf.com/2020/october/",
  "requestedUrl": "https://jamstackconf.com/virtual/",
  "timestamp": 1608271746041,
  "ranks": {
    "hundos": 14,
    "performance": 1,
    "accessibility": 1,
    "cumulative": 12
  },
  "lighthouse": {
    "version": "6.5.0",
    "performance": 1,
    "accessibility": 1,
    "bestPractices": 1,
    "seo": 0.92,
    "total": 392
  },
  "firstContentfulPaint": 917.3330000000001,
  "speedIndex": 917.3330000000001,
  "largestContentfulPaint": 917.3330000000001,
  "totalBlockingTime": 74,
  "cumulativeLayoutShift": 0.0045150553385416665,
  "timeToInteractive": 2259.0690000000004,
  "maxPotentialFirstInputDelay": 102,
  "timeToFirstByte": 26.083000000000002,
  "weight": {
    "summary": "15 requests • 126 KiB",
    "total": 129462,
    "image": 263,
    "imageCount": 1,
    "script": 61416,
    "scriptCount": 3,
    "document": 11862,
    "font": 47916,
    "fontCount": 4,
    "stylesheet": 7247,
    "stylesheetCount": 3,
    "thirdParty": 109137,
    "thirdPartyCount": 10
  },
  "run": {
    "number": 1,
    "total": 3
  },
  "axe": {
    "passes": 671,
    "violations": 0
  }
}