{
  "url": "https://jamstackconf.com/2020/october/",
  "requestedUrl": "https://jamstackconf.com/virtual/",
  "timestamp": 1608617493921,
  "ranks": {
    "hundos": 11,
    "performance": 2,
    "accessibility": 1,
    "cumulative": 9
  },
  "lighthouse": {
    "version": "6.5.0",
    "performance": 0.99,
    "accessibility": 1,
    "bestPractices": 1,
    "seo": 0.92,
    "total": 391
  },
  "firstContentfulPaint": 1001.192,
  "speedIndex": 1001.192,
  "largestContentfulPaint": 1867.6049999999998,
  "totalBlockingTime": 90,
  "cumulativeLayoutShift": 0.009251871744791666,
  "timeToInteractive": 2312.5919999999996,
  "maxPotentialFirstInputDelay": 120,
  "timeToFirstByte": 107.871,
  "weight": {
    "summary": "15 requests • 125 KiB",
    "total": 128355,
    "image": 235,
    "imageCount": 1,
    "script": 61416,
    "scriptCount": 3,
    "document": 10787,
    "font": 47917,
    "fontCount": 4,
    "stylesheet": 7245,
    "stylesheetCount": 3,
    "thirdParty": 109138,
    "thirdPartyCount": 10
  },
  "run": {
    "number": 1,
    "total": 3
  },
  "axe": {
    "passes": 671,
    "violations": 0
  }
}