{
  "url": "https://jamstackconf.com/2020/october/",
  "requestedUrl": "https://jamstackconf.com/virtual/",
  "timestamp": 1607753647928,
  "ranks": {
    "hundos": 2,
    "performance": 1,
    "accessibility": 1,
    "cumulative": 1
  },
  "lighthouse": {
    "version": "6.5.0",
    "performance": 1,
    "accessibility": 1,
    "bestPractices": 1,
    "seo": 0.92,
    "total": 392
  },
  "firstContentfulPaint": 930.0629999999999,
  "speedIndex": 1172.3350154732889,
  "largestContentfulPaint": 1608.261,
  "totalBlockingTime": 51,
  "cumulativeLayoutShift": 0.009251871744791666,
  "timeToInteractive": 2252.7650000000003,
  "maxPotentialFirstInputDelay": 89,
  "timeToFirstByte": 120.02799999999999,
  "weight": {
    "summary": "15 requests • 125 KiB",
    "total": 128420,
    "image": 264,
    "imageCount": 1,
    "script": 61445,
    "scriptCount": 3,
    "document": 10795,
    "font": 47916,
    "fontCount": 4,
    "stylesheet": 7244,
    "stylesheetCount": 3,
    "thirdParty": 109137,
    "thirdPartyCount": 10
  },
  "axe": {
    "passes": 671,
    "violations": 0
  }
}