{
  "url": "https://jamstackconf.com/2020/october/",
  "requestedUrl": "https://jamstackconf.com/virtual/",
  "timestamp": 1605420661531,
  "ranks": {
    "hundos": 12,
    "performance": 1,
    "accessibility": 6,
    "cumulative": 10
  },
  "lighthouse": {
    "version": "6.4.1",
    "performance": 1,
    "accessibility": 1,
    "bestPractices": 1,
    "seo": 0.92,
    "total": 392
  },
  "firstContentfulPaint": 951.558,
  "speedIndex": 1133.5410919835042,
  "largestContentfulPaint": 1624.0925,
  "totalBlockingTime": 65,
  "cumulativeLayoutShift": 0.0064267578125,
  "timeToInteractive": 2304.4739999999997,
  "maxPotentialFirstInputDelay": 93,
  "timeToFirstByte": 27.587,
  "weight": {
    "summary": "15 requests • 125 KiB",
    "total": 128047,
    "image": 236,
    "imageCount": 1,
    "script": 61121,
    "scriptCount": 3,
    "document": 10795,
    "font": 47888,
    "fontCount": 4,
    "stylesheet": 7248,
    "stylesheetCount": 3,
    "thirdParty": 108790,
    "thirdPartyCount": 10
  },
  "axe": {
    "passes": 672,
    "violations": 1
  }
}