{
  "url": "https://jamstackconf.com/2020/october/",
  "requestedUrl": "https://jamstackconf.com/virtual/",
  "timestamp": 1608358117496,
  "ranks": {
    "hundos": 11,
    "performance": 1,
    "accessibility": 1,
    "cumulative": 8
  },
  "lighthouse": {
    "version": "6.5.0",
    "performance": 1,
    "accessibility": 1,
    "bestPractices": 1,
    "seo": 0.92,
    "total": 392
  },
  "firstContentfulPaint": 940.355,
  "speedIndex": 958.1298527324445,
  "largestContentfulPaint": 1793.952,
  "totalBlockingTime": 50,
  "cumulativeLayoutShift": 0.009251871744791666,
  "timeToInteractive": 2292.668,
  "maxPotentialFirstInputDelay": 91,
  "timeToFirstByte": 19.68,
  "weight": {
    "summary": "15 requests • 125 KiB",
    "total": 128420,
    "image": 240,
    "imageCount": 1,
    "script": 61439,
    "scriptCount": 3,
    "document": 10822,
    "font": 47917,
    "fontCount": 4,
    "stylesheet": 7244,
    "stylesheetCount": 3,
    "thirdParty": 109138,
    "thirdPartyCount": 10
  },
  "run": {
    "number": 1,
    "total": 3
  },
  "axe": {
    "passes": 671,
    "violations": 0
  }
}