{
  "url": "https://jamstackconf.com/2020/october/",
  "requestedUrl": "https://jamstackconf.com/virtual/",
  "timestamp": 1604431681962,
  "ranks": {
    "hundos": 1,
    "performance": 1,
    "accessibility": 6,
    "cumulative": 1
  },
  "lighthouse": {
    "version": "6.4.1",
    "performance": 1,
    "accessibility": 1,
    "bestPractices": 1,
    "seo": 0.92,
    "total": 392
  },
  "firstContentfulPaint": 949.9599999999999,
  "speedIndex": 1011.2812526869257,
  "largestContentfulPaint": 1802.0819999999997,
  "totalBlockingTime": 81,
  "cumulativeLayoutShift": 0.006644449869791667,
  "timeToInteractive": 2288.042,
  "maxPotentialFirstInputDelay": 105,
  "timeToFirstByte": 19.122,
  "weight": {
    "summary": "15 requests • 126 KiB",
    "total": 128760,
    "image": 234,
    "imageCount": 1,
    "script": 60681,
    "scriptCount": 3,
    "document": 11888,
    "font": 47938,
    "fontCount": 4,
    "stylesheet": 7242,
    "stylesheetCount": 3,
    "thirdParty": 108470,
    "thirdPartyCount": 10
  },
  "axe": {
    "passes": 672,
    "violations": 1
  }
}