{
  "url": "https://jamstackconf.com/2020/october/",
  "requestedUrl": "https://jamstackconf.com/virtual/",
  "timestamp": 1606370870633,
  "ranks": {
    "hundos": 15,
    "performance": 3,
    "accessibility": 1,
    "cumulative": 13
  },
  "lighthouse": {
    "version": "6.4.1",
    "performance": 0.99,
    "accessibility": 1,
    "bestPractices": 1,
    "seo": 0.92,
    "total": 391
  },
  "firstContentfulPaint": 1045.3439999999998,
  "speedIndex": 1045.3439999999998,
  "largestContentfulPaint": 1969.0889999999997,
  "totalBlockingTime": 60,
  "cumulativeLayoutShift": 0.009251871744791666,
  "timeToInteractive": 3147.9829999999997,
  "maxPotentialFirstInputDelay": 110,
  "timeToFirstByte": 30.14,
  "weight": {
    "summary": "15 requests • 125 KiB",
    "total": 127677,
    "image": 260,
    "imageCount": 1,
    "script": 61091,
    "scriptCount": 3,
    "document": 10794,
    "font": 47885,
    "fontCount": 4,
    "stylesheet": 7208,
    "stylesheetCount": 3,
    "thirdParty": 108434,
    "thirdPartyCount": 10
  },
  "axe": {
    "passes": 671,
    "violations": 0
  }
}