{
  "url": "https://jamstackconf.com/2020/october/",
  "requestedUrl": "https://jamstackconf.com/virtual/",
  "timestamp": 1609136173704,
  "ranks": {
    "hundos": 10,
    "performance": 1,
    "accessibility": 1,
    "cumulative": 7
  },
  "lighthouse": {
    "version": "6.5.0",
    "performance": 1,
    "accessibility": 1,
    "bestPractices": 1,
    "seo": 0.92,
    "total": 392
  },
  "firstContentfulPaint": 906.8750000000001,
  "speedIndex": 1044.0090864025647,
  "largestContentfulPaint": 1591.2200000000003,
  "totalBlockingTime": 88,
  "cumulativeLayoutShift": 0.009074869791666666,
  "timeToInteractive": 2247.232,
  "maxPotentialFirstInputDelay": 131,
  "timeToFirstByte": 7.765,
  "weight": {
    "summary": "15 requests • 127 KiB",
    "total": 129544,
    "image": 263,
    "imageCount": 1,
    "script": 61468,
    "scriptCount": 3,
    "document": 11891,
    "font": 47916,
    "fontCount": 4,
    "stylesheet": 7247,
    "stylesheetCount": 3,
    "thirdParty": 109161,
    "thirdPartyCount": 10
  },
  "run": {
    "number": 3,
    "total": 3
  },
  "axe": {
    "passes": 671,
    "violations": 0
  }
}