{
  "url": "https://jamstackconf.com/2020/october/",
  "requestedUrl": "https://jamstackconf.com/virtual/",
  "timestamp": 1608185901638,
  "ranks": {
    "hundos": 11,
    "performance": 1,
    "accessibility": 1,
    "cumulative": 10
  },
  "lighthouse": {
    "version": "6.5.0",
    "performance": 1,
    "accessibility": 1,
    "bestPractices": 1,
    "seo": 0.92,
    "total": 392
  },
  "firstContentfulPaint": 978.9359999999999,
  "speedIndex": 1278.6008577563648,
  "largestContentfulPaint": 1643.3819999999998,
  "totalBlockingTime": 83,
  "cumulativeLayoutShift": 0.009074869791666666,
  "timeToInteractive": 2294.7729999999992,
  "maxPotentialFirstInputDelay": 92,
  "timeToFirstByte": 25.171,
  "weight": {
    "summary": "15 requests • 126 KiB",
    "total": 128657,
    "image": 233,
    "imageCount": 1,
    "script": 61686,
    "scriptCount": 3,
    "document": 10822,
    "font": 47914,
    "fontCount": 4,
    "stylesheet": 7244,
    "stylesheetCount": 3,
    "thirdParty": 109159,
    "thirdPartyCount": 10
  },
  "run": {
    "number": 1,
    "total": 3
  },
  "axe": {
    "passes": 671,
    "violations": 0
  }
}