{
  "url": "https://jamstackconf.com/2020/october/",
  "requestedUrl": "https://jamstackconf.com/virtual/",
  "timestamp": 1607494955396,
  "ranks": {
    "hundos": 2,
    "performance": 2,
    "accessibility": 1,
    "cumulative": 2
  },
  "lighthouse": {
    "version": "6.5.0",
    "performance": 0.99,
    "accessibility": 1,
    "bestPractices": 1,
    "seo": 0.92,
    "total": 391
  },
  "firstContentfulPaint": 1165.1099999999997,
  "speedIndex": 1854.1288492723174,
  "largestContentfulPaint": 2016.0569999999996,
  "totalBlockingTime": 60,
  "cumulativeLayoutShift": 0.009251871744791666,
  "timeToInteractive": 3180.7609999999995,
  "maxPotentialFirstInputDelay": 103,
  "timeToFirstByte": 67.82499999999999,
  "weight": {
    "summary": "15 requests • 125 KiB",
    "total": 128383,
    "image": 235,
    "imageCount": 1,
    "script": 61469,
    "scriptCount": 3,
    "document": 10794,
    "font": 47914,
    "fontCount": 4,
    "stylesheet": 7212,
    "stylesheetCount": 3,
    "thirdParty": 109126,
    "thirdPartyCount": 10
  },
  "axe": {
    "passes": 671,
    "violations": 0
  }
}