{
  "url": "https://jamstackconf.com/2020/october/",
  "requestedUrl": "https://jamstackconf.com/virtual/",
  "timestamp": 1608876680162,
  "ranks": {
    "hundos": 12,
    "performance": 1,
    "accessibility": 1,
    "cumulative": 12
  },
  "lighthouse": {
    "version": "6.5.0",
    "performance": 1,
    "accessibility": 1,
    "bestPractices": 1,
    "seo": 0.92,
    "total": 392
  },
  "firstContentfulPaint": 904.4939999999999,
  "speedIndex": 904.4939999999999,
  "largestContentfulPaint": 1590.0135,
  "totalBlockingTime": 28,
  "cumulativeLayoutShift": 0.0090341796875,
  "timeToInteractive": 2203.234,
  "maxPotentialFirstInputDelay": 67,
  "timeToFirstByte": 6.276999999999999,
  "weight": {
    "summary": "15 requests • 126 KiB",
    "total": 129465,
    "image": 235,
    "imageCount": 1,
    "script": 61416,
    "scriptCount": 3,
    "document": 11891,
    "font": 47917,
    "fontCount": 4,
    "stylesheet": 7248,
    "stylesheetCount": 3,
    "thirdParty": 109138,
    "thirdPartyCount": 10
  },
  "run": {
    "number": 2,
    "total": 3
  },
  "axe": {
    "passes": 671,
    "violations": 0
  }
}