{
  "url": "https://jamstackconf.com/2020/october/",
  "requestedUrl": "https://jamstackconf.com/virtual/",
  "timestamp": 1609568374215,
  "ranks": {
    "hundos": 11,
    "performance": 3,
    "accessibility": 1,
    "cumulative": 11
  },
  "lighthouse": {
    "version": "6.5.0",
    "performance": 0.98,
    "accessibility": 1,
    "bestPractices": 1,
    "seo": 0.92,
    "total": 390
  },
  "firstContentfulPaint": 1163.3960000000002,
  "speedIndex": 1848.347682123494,
  "largestContentfulPaint": 2158.148,
  "totalBlockingTime": 47,
  "cumulativeLayoutShift": 0.009074869791666666,
  "timeToInteractive": 3164.794,
  "maxPotentialFirstInputDelay": 97,
  "timeToFirstByte": 69.687,
  "weight": {
    "summary": "15 requests • 125 KiB",
    "total": 128449,
    "image": 236,
    "imageCount": 1,
    "script": 61471,
    "scriptCount": 3,
    "document": 10824,
    "font": 47914,
    "fontCount": 4,
    "stylesheet": 7246,
    "stylesheetCount": 3,
    "thirdParty": 109159,
    "thirdPartyCount": 10
  },
  "run": {
    "number": 3,
    "total": 3
  },
  "axe": {
    "passes": 671,
    "violations": 0
  }
}