{
  "url": "https://www.netlify.com/donation-matching/",
  "requestedUrl": "https://www.netlify.com/donation-matching/",
  "timestamp": 1607408103583,
  "ranks": {
    "hundos": 14,
    "performance": 16,
    "accessibility": 11,
    "cumulative": 13
  },
  "lighthouse": {
    "version": "6.5.0",
    "performance": 0.96,
    "accessibility": 0.98,
    "bestPractices": 1,
    "seo": 0.92,
    "total": 386
  },
  "firstContentfulPaint": 1348.9139999999998,
  "speedIndex": 2113.252634302303,
  "largestContentfulPaint": 2554.9829999999993,
  "totalBlockingTime": 80.50000000000045,
  "cumulativeLayoutShift": 0,
  "timeToInteractive": 3754.9934999999996,
  "maxPotentialFirstInputDelay": 314.0000000000002,
  "timeToFirstByte": 371.676,
  "weight": {
    "summary": "31 requests • 287 KiB",
    "total": 294146,
    "image": 48654,
    "imageCount": 7,
    "script": 154588,
    "scriptCount": 12,
    "document": 38138,
    "font": 47939,
    "fontCount": 4,
    "stylesheet": 0,
    "stylesheetCount": 0,
    "thirdParty": 154359,
    "thirdPartyCount": 23
  },
  "axe": {
    "passes": 946,
    "violations": 1
  }
}