{
  "url": "https://www.netlify.com/donation-matching/",
  "requestedUrl": "https://www.netlify.com/donation-matching/",
  "timestamp": 1608099248133,
  "ranks": {
    "hundos": 18,
    "performance": 13,
    "accessibility": 11,
    "cumulative": 18
  },
  "lighthouse": {
    "version": "6.5.0",
    "performance": 0.94,
    "accessibility": 0.98,
    "bestPractices": 1,
    "seo": 0.92,
    "total": 384
  },
  "firstContentfulPaint": 1670.5810000000004,
  "speedIndex": 2395.093109690957,
  "largestContentfulPaint": 2496.0250000000005,
  "totalBlockingTime": 19.5,
  "cumulativeLayoutShift": 0.11871322631835939,
  "timeToInteractive": 4220.541,
  "maxPotentialFirstInputDelay": 89,
  "timeToFirstByte": 160.94100000000003,
  "weight": {
    "summary": "30 requests • 238 KiB",
    "total": 244027,
    "image": 5175,
    "imageCount": 6,
    "script": 155146,
    "scriptCount": 12,
    "document": 38050,
    "font": 40973,
    "fontCount": 4,
    "stylesheet": 0,
    "stylesheetCount": 0,
    "thirdParty": 154789,
    "thirdPartyCount": 23
  },
  "run": {
    "number": 3,
    "total": 3
  },
  "axe": {
    "passes": 961,
    "violations": 1
  }
}