{
  "url": "https://www.netlify.com/donation-matching/",
  "requestedUrl": "https://www.netlify.com/donation-matching/",
  "timestamp": 1608876527624,
  "ranks": {
    "hundos": 15,
    "performance": 11,
    "accessibility": 10,
    "cumulative": 15
  },
  "lighthouse": {
    "version": "6.5.0",
    "performance": 0.97,
    "accessibility": 0.98,
    "bestPractices": 1,
    "seo": 0.92,
    "total": 387
  },
  "firstContentfulPaint": 1267.787,
  "speedIndex": 1267.787,
  "largestContentfulPaint": 1267.787,
  "totalBlockingTime": 166,
  "cumulativeLayoutShift": 0,
  "timeToInteractive": 4512.585,
  "maxPotentialFirstInputDelay": 200,
  "timeToFirstByte": 12.460999999999999,
  "weight": {
    "summary": "34 requests • 324 KiB",
    "total": 331881,
    "image": 5323,
    "imageCount": 7,
    "script": 242519,
    "scriptCount": 14,
    "document": 38251,
    "font": 40956,
    "fontCount": 4,
    "stylesheet": 0,
    "stylesheetCount": 0,
    "thirdParty": 241968,
    "thirdPartyCount": 27
  },
  "run": {
    "number": 2,
    "total": 3
  },
  "axe": {
    "passes": 961,
    "violations": 2
  }
}