{
  "url": "https://www.netlify.com/donation-matching/",
  "requestedUrl": "https://www.netlify.com/donation-matching/",
  "timestamp": 1609308716783,
  "ranks": {
    "hundos": 14,
    "performance": 4,
    "accessibility": 10,
    "cumulative": 14
  },
  "lighthouse": {
    "version": "6.5.0",
    "performance": 0.98,
    "accessibility": 0.98,
    "bestPractices": 1,
    "seo": 0.92,
    "total": 388
  },
  "firstContentfulPaint": 1350.8160000000003,
  "speedIndex": 1471.1809039999632,
  "largestContentfulPaint": 1350.8160000000003,
  "totalBlockingTime": 115,
  "cumulativeLayoutShift": 0,
  "timeToInteractive": 4291.314,
  "maxPotentialFirstInputDelay": 212,
  "timeToFirstByte": 223.394,
  "weight": {
    "summary": "34 requests • 324 KiB",
    "total": 332097,
    "image": 5477,
    "imageCount": 7,
    "script": 242572,
    "scriptCount": 14,
    "document": 38243,
    "font": 40979,
    "fontCount": 4,
    "stylesheet": 0,
    "stylesheetCount": 0,
    "thirdParty": 241954,
    "thirdPartyCount": 27
  },
  "run": {
    "number": 2,
    "total": 3
  },
  "axe": {
    "passes": 961,
    "violations": 2
  }
}