{
  "url": "https://www.netlify.com/donation-matching/",
  "requestedUrl": "https://www.netlify.com/donation-matching/",
  "timestamp": 1609136003598,
  "ranks": {
    "hundos": 15,
    "performance": 5,
    "accessibility": 10,
    "cumulative": 15
  },
  "lighthouse": {
    "version": "6.5.0",
    "performance": 0.97,
    "accessibility": 0.98,
    "bestPractices": 1,
    "seo": 0.92,
    "total": 387
  },
  "firstContentfulPaint": 1144.424,
  "speedIndex": 1144.424,
  "largestContentfulPaint": 1279.0639999999999,
  "totalBlockingTime": 200.99999999999977,
  "cumulativeLayoutShift": 0,
  "timeToInteractive": 4567.911,
  "maxPotentialFirstInputDelay": 310.99999999999955,
  "timeToFirstByte": 12.525999999999996,
  "weight": {
    "summary": "34 requests • 324 KiB",
    "total": 331800,
    "image": 5329,
    "imageCount": 7,
    "script": 242489,
    "scriptCount": 14,
    "document": 38252,
    "font": 40946,
    "fontCount": 4,
    "stylesheet": 0,
    "stylesheetCount": 0,
    "thirdParty": 241896,
    "thirdPartyCount": 27
  },
  "run": {
    "number": 3,
    "total": 3
  },
  "axe": {
    "passes": 961,
    "violations": 2
  }
}