{
  "url": "https://www.netlify.com/donation-matching/",
  "requestedUrl": "https://www.netlify.com/donation-matching/",
  "timestamp": 1606544049775,
  "ranks": {
    "hundos": 19,
    "performance": 10,
    "accessibility": 11,
    "cumulative": 18
  },
  "lighthouse": {
    "version": "6.4.1",
    "performance": 0.95,
    "accessibility": 0.98,
    "bestPractices": 1,
    "seo": 0.92,
    "total": 385
  },
  "firstContentfulPaint": 1351.1770000000001,
  "speedIndex": 1433.637953999968,
  "largestContentfulPaint": 2705.669,
  "totalBlockingTime": 25.5,
  "cumulativeLayoutShift": 0,
  "timeToInteractive": 3665.5824999999995,
  "maxPotentialFirstInputDelay": 69,
  "timeToFirstByte": 243.06300000000002,
  "weight": {
    "summary": "31 requests • 286 KiB",
    "total": 293014,
    "image": 48708,
    "imageCount": 7,
    "script": 153634,
    "scriptCount": 12,
    "document": 38118,
    "font": 47914,
    "fontCount": 4,
    "stylesheet": 0,
    "stylesheetCount": 0,
    "thirdParty": 153194,
    "thirdPartyCount": 23
  },
  "axe": {
    "passes": 946,
    "violations": 1
  }
}