{
  "url": "https://www.netlify.com/donation-matching/",
  "requestedUrl": "https://www.netlify.com/donation-matching/",
  "timestamp": 1604556673515,
  "ranks": {
    "hundos": 8,
    "performance": 3,
    "accessibility": 8,
    "cumulative": 7
  },
  "lighthouse": {
    "version": "6.4.1",
    "performance": 0.98,
    "accessibility": 0.98,
    "bestPractices": 1,
    "seo": 0.92,
    "total": 388
  },
  "firstContentfulPaint": 1267.6919999999998,
  "speedIndex": 1267.6919999999998,
  "largestContentfulPaint": 2198.5999999999995,
  "totalBlockingTime": 64,
  "cumulativeLayoutShift": 0,
  "timeToInteractive": 3572.825,
  "maxPotentialFirstInputDelay": 77,
  "timeToFirstByte": 141.585,
  "weight": {
    "summary": "30 requests • 228 KiB",
    "total": 233549,
    "image": 5175,
    "imageCount": 6,
    "script": 151422,
    "scriptCount": 12,
    "document": 24278,
    "font": 47966,
    "fontCount": 4,
    "stylesheet": 0,
    "stylesheetCount": 0,
    "thirdParty": 151693,
    "thirdPartyCount": 23
  },
  "axe": {
    "passes": 902,
    "violations": 1
  }
}