{
  "url": "https://www.netlify.com/donation-matching/",
  "requestedUrl": "https://www.netlify.com/donation-matching/",
  "timestamp": 1606025480025,
  "ranks": {
    "hundos": 18,
    "performance": 12,
    "accessibility": 11,
    "cumulative": 18
  },
  "lighthouse": {
    "version": "6.4.1",
    "performance": 0.95,
    "accessibility": 0.98,
    "bestPractices": 1,
    "seo": 0.92,
    "total": 385
  },
  "firstContentfulPaint": 1396.2469999999998,
  "speedIndex": 1984.1033826361072,
  "largestContentfulPaint": 2317.814,
  "totalBlockingTime": 26.499999999999773,
  "cumulativeLayoutShift": 0.19321502516004774,
  "timeToInteractive": 3877.8245000000006,
  "maxPotentialFirstInputDelay": 76,
  "timeToFirstByte": 94.39100000000002,
  "weight": {
    "summary": "31 requests • 287 KiB",
    "total": 293433,
    "image": 48683,
    "imageCount": 7,
    "script": 153572,
    "scriptCount": 12,
    "document": 38443,
    "font": 47917,
    "fontCount": 4,
    "stylesheet": 0,
    "stylesheetCount": 0,
    "thirdParty": 153347,
    "thirdPartyCount": 23
  },
  "axe": {
    "passes": 946,
    "violations": 1
  }
}