{
  "url": "https://www.netlify.com/donation-matching/",
  "requestedUrl": "https://www.netlify.com/donation-matching/",
  "timestamp": 1608186112447,
  "ranks": {
    "hundos": 15,
    "performance": 3,
    "accessibility": 11,
    "cumulative": 15
  },
  "lighthouse": {
    "version": "6.5.0",
    "performance": 0.99,
    "accessibility": 0.98,
    "bestPractices": 1,
    "seo": 0.92,
    "total": 389
  },
  "firstContentfulPaint": 1345.4349999999997,
  "speedIndex": 1413.1864340000507,
  "largestContentfulPaint": 1345.435,
  "totalBlockingTime": 22.5,
  "cumulativeLayoutShift": 0,
  "timeToInteractive": 3655.706,
  "maxPotentialFirstInputDelay": 78,
  "timeToFirstByte": 220.569,
  "weight": {
    "summary": "30 requests • 239 KiB",
    "total": 244399,
    "image": 5282,
    "imageCount": 6,
    "script": 155208,
    "scriptCount": 12,
    "document": 38040,
    "font": 40967,
    "fontCount": 4,
    "stylesheet": 0,
    "stylesheetCount": 0,
    "thirdParty": 155161,
    "thirdPartyCount": 23
  },
  "run": {
    "number": 3,
    "total": 3
  },
  "axe": {
    "passes": 961,
    "violations": 1
  }
}