{
  "url": "https://www.netlify.com/donation-matching/",
  "requestedUrl": "https://www.netlify.com/donation-matching/",
  "timestamp": 1605420677036,
  "ranks": {
    "hundos": 16,
    "performance": 6,
    "accessibility": 8,
    "cumulative": 16
  },
  "lighthouse": {
    "version": "6.4.1",
    "performance": 0.98,
    "accessibility": 0.98,
    "bestPractices": 1,
    "seo": 0.92,
    "total": 388
  },
  "firstContentfulPaint": 1441.562,
  "speedIndex": 1441.562,
  "largestContentfulPaint": 1864.3089999999997,
  "totalBlockingTime": 63.99999999999977,
  "cumulativeLayoutShift": 0,
  "timeToInteractive": 3750.9889999999996,
  "maxPotentialFirstInputDelay": 89,
  "timeToFirstByte": 41.19199999999998,
  "weight": {
    "summary": "30 requests • 229 KiB",
    "total": 234697,
    "image": 5347,
    "imageCount": 6,
    "script": 152431,
    "scriptCount": 12,
    "document": 24287,
    "font": 47946,
    "fontCount": 4,
    "stylesheet": 0,
    "stylesheetCount": 0,
    "thirdParty": 152699,
    "thirdPartyCount": 23
  },
  "axe": {
    "passes": 902,
    "violations": 1
  }
}