{
  "url": "https://www.netlify.com/donation-matching/",
  "requestedUrl": "https://www.netlify.com/donation-matching/",
  "timestamp": 1608357941082,
  "ranks": {
    "hundos": 15,
    "performance": 6,
    "accessibility": 11,
    "cumulative": 15
  },
  "lighthouse": {
    "version": "6.5.0",
    "performance": 0.97,
    "accessibility": 0.98,
    "bestPractices": 1,
    "seo": 0.92,
    "total": 387
  },
  "firstContentfulPaint": 1442.1600000000003,
  "speedIndex": 1702.1296840000068,
  "largestContentfulPaint": 1442.1600000000003,
  "totalBlockingTime": 152.5,
  "cumulativeLayoutShift": 0,
  "timeToInteractive": 4548.9664999999995,
  "maxPotentialFirstInputDelay": 255,
  "timeToFirstByte": 313.024,
  "weight": {
    "summary": "34 requests • 324 KiB",
    "total": 331705,
    "image": 5328,
    "imageCount": 7,
    "script": 242582,
    "scriptCount": 14,
    "document": 38020,
    "font": 40949,
    "fontCount": 4,
    "stylesheet": 0,
    "stylesheetCount": 0,
    "thirdParty": 241985,
    "thirdPartyCount": 27
  },
  "run": {
    "number": 1,
    "total": 3
  },
  "axe": {
    "passes": 960,
    "violations": 2
  }
}