{
  "url": "https://www.netlify.com/donation-matching/",
  "requestedUrl": "https://www.netlify.com/donation-matching/",
  "timestamp": 1608012656245,
  "ranks": {
    "hundos": 6,
    "performance": 6,
    "accessibility": 11,
    "cumulative": 6
  },
  "lighthouse": {
    "version": "6.5.0",
    "performance": 0.99,
    "accessibility": 0.98,
    "bestPractices": 1,
    "seo": 0.92,
    "total": 389
  },
  "firstContentfulPaint": 1271.7920000000004,
  "speedIndex": 1732.3883080914143,
  "largestContentfulPaint": 1724.5220000000004,
  "totalBlockingTime": 18,
  "cumulativeLayoutShift": 0,
  "timeToInteractive": 3462.3690000000006,
  "maxPotentialFirstInputDelay": 68,
  "timeToFirstByte": 204.81799999999998,
  "weight": {
    "summary": "30 requests • 238 KiB",
    "total": 244125,
    "image": 5174,
    "imageCount": 6,
    "script": 155137,
    "scriptCount": 12,
    "document": 38069,
    "font": 40971,
    "fontCount": 4,
    "stylesheet": 0,
    "stylesheetCount": 0,
    "thirdParty": 154851,
    "thirdPartyCount": 23
  },
  "run": {
    "number": 2,
    "total": 3
  },
  "axe": {
    "passes": 960,
    "violations": 1
  }
}