{
  "url": "https://www.netlify.com/donation-matching/",
  "requestedUrl": "https://www.netlify.com/donation-matching/",
  "timestamp": 1605939054573,
  "ranks": {
    "hundos": 14,
    "performance": 4,
    "accessibility": 11,
    "cumulative": 14
  },
  "lighthouse": {
    "version": "6.4.1",
    "performance": 0.98,
    "accessibility": 0.98,
    "bestPractices": 1,
    "seo": 0.92,
    "total": 388
  },
  "firstContentfulPaint": 1447.1759999999997,
  "speedIndex": 1447.1759999999997,
  "largestContentfulPaint": 1733.0324999999998,
  "totalBlockingTime": 25,
  "cumulativeLayoutShift": 0,
  "timeToInteractive": 3862.3334999999997,
  "maxPotentialFirstInputDelay": 84,
  "timeToFirstByte": 222.921,
  "weight": {
    "summary": "31 requests • 287 KiB",
    "total": 293426,
    "image": 48859,
    "imageCount": 7,
    "script": 153574,
    "scriptCount": 12,
    "document": 38434,
    "font": 47914,
    "fontCount": 4,
    "stylesheet": 0,
    "stylesheetCount": 0,
    "thirdParty": 153180,
    "thirdPartyCount": 23
  },
  "axe": {
    "passes": 946,
    "violations": 1
  }
}