{
  "url": "https://www.netlify.com/donation-matching/",
  "requestedUrl": "https://www.netlify.com/donation-matching/",
  "timestamp": 1606975878958,
  "ranks": {
    "hundos": 15,
    "performance": 6,
    "accessibility": 11,
    "cumulative": 15
  },
  "lighthouse": {
    "version": "6.5.0",
    "performance": 0.98,
    "accessibility": 0.98,
    "bestPractices": 1,
    "seo": 0.92,
    "total": 388
  },
  "firstContentfulPaint": 1209.6060000000002,
  "speedIndex": 1484.244415847735,
  "largestContentfulPaint": 1755.2000000000003,
  "totalBlockingTime": 65.5,
  "cumulativeLayoutShift": 0,
  "timeToInteractive": 3789.2999999999997,
  "maxPotentialFirstInputDelay": 88,
  "timeToFirstByte": 148.494,
  "weight": {
    "summary": "31 requests • 287 KiB",
    "total": 293518,
    "image": 48655,
    "imageCount": 7,
    "script": 153973,
    "scriptCount": 12,
    "document": 38119,
    "font": 47917,
    "fontCount": 4,
    "stylesheet": 0,
    "stylesheetCount": 0,
    "thirdParty": 153768,
    "thirdPartyCount": 23
  },
  "axe": {
    "passes": 946,
    "violations": 1
  }
}