{
  "url": "https://www.netlify.com/donation-matching/",
  "requestedUrl": "https://www.netlify.com/donation-matching/",
  "timestamp": 1609222136426,
  "ranks": {
    "hundos": 16,
    "performance": 14,
    "accessibility": 10,
    "cumulative": 16
  },
  "lighthouse": {
    "version": "6.5.0",
    "performance": 0.95,
    "accessibility": 0.98,
    "bestPractices": 1,
    "seo": 0.92,
    "total": 385
  },
  "firstContentfulPaint": 1131.041,
  "speedIndex": 1313.2410675339333,
  "largestContentfulPaint": 2078.198,
  "totalBlockingTime": 214.00000000000023,
  "cumulativeLayoutShift": 0,
  "timeToInteractive": 4475.8255,
  "maxPotentialFirstInputDelay": 204,
  "timeToFirstByte": 12.742999999999995,
  "weight": {
    "summary": "35 requests • 325 KiB",
    "total": 332946,
    "image": 5328,
    "imageCount": 7,
    "script": 242560,
    "scriptCount": 14,
    "document": 38817,
    "font": 40976,
    "fontCount": 4,
    "stylesheet": 0,
    "stylesheetCount": 0,
    "thirdParty": 243004,
    "thirdPartyCount": 28
  },
  "run": {
    "number": 1,
    "total": 3
  },
  "axe": {
    "passes": 961,
    "violations": 2
  }
}