{
  "url": "https://www.netlify.com/donation-matching/",
  "requestedUrl": "https://www.netlify.com/donation-matching/",
  "timestamp": 1609481595938,
  "ranks": {
    "hundos": 16,
    "performance": 9,
    "accessibility": 10,
    "cumulative": 15
  },
  "lighthouse": {
    "version": "6.5.0",
    "performance": 0.96,
    "accessibility": 0.98,
    "bestPractices": 1,
    "seo": 0.92,
    "total": 386
  },
  "firstContentfulPaint": 1081.8000000000002,
  "speedIndex": 1224.085905349298,
  "largestContentfulPaint": 2058.677,
  "totalBlockingTime": 195.99999999999955,
  "cumulativeLayoutShift": 0,
  "timeToInteractive": 4296.723,
  "maxPotentialFirstInputDelay": 301.9999999999991,
  "timeToFirstByte": 296.752,
  "weight": {
    "summary": "34 requests • 324 KiB",
    "total": 331992,
    "image": 5304,
    "imageCount": 7,
    "script": 242554,
    "scriptCount": 14,
    "document": 38242,
    "font": 40973,
    "fontCount": 4,
    "stylesheet": 0,
    "stylesheetCount": 0,
    "thirdParty": 242053,
    "thirdPartyCount": 27
  },
  "run": {
    "number": 2,
    "total": 3
  },
  "axe": {
    "passes": 961,
    "violations": 2
  }
}