{
  "url": "https://www.netlify.com/donation-matching/",
  "requestedUrl": "https://www.netlify.com/donation-matching/",
  "timestamp": 1606630253092,
  "ranks": {
    "hundos": 18,
    "performance": 4,
    "accessibility": 11,
    "cumulative": 18
  },
  "lighthouse": {
    "version": "6.4.1",
    "performance": 0.98,
    "accessibility": 0.98,
    "bestPractices": 1,
    "seo": 0.92,
    "total": 388
  },
  "firstContentfulPaint": 1349.0909999999997,
  "speedIndex": 1349.0909999999997,
  "largestContentfulPaint": 1773.8459999999998,
  "totalBlockingTime": 9,
  "cumulativeLayoutShift": 0,
  "timeToInteractive": 3711.5175000000004,
  "maxPotentialFirstInputDelay": 66,
  "timeToFirstByte": 169.63600000000002,
  "weight": {
    "summary": "31 requests • 287 KiB",
    "total": 293405,
    "image": 48829,
    "imageCount": 7,
    "script": 153645,
    "scriptCount": 12,
    "document": 38119,
    "font": 47914,
    "fontCount": 4,
    "stylesheet": 0,
    "stylesheetCount": 0,
    "thirdParty": 153462,
    "thirdPartyCount": 23
  },
  "axe": {
    "passes": 946,
    "violations": 1
  }
}