{
  "url": "https://www.netlify.com/donation-matching/",
  "requestedUrl": "https://www.netlify.com/donation-matching/",
  "timestamp": 1606803246977,
  "ranks": {
    "hundos": 18,
    "performance": 6,
    "accessibility": 11,
    "cumulative": 18
  },
  "lighthouse": {
    "version": "6.4.1",
    "performance": 0.98,
    "accessibility": 0.98,
    "bestPractices": 1,
    "seo": 0.92,
    "total": 388
  },
  "firstContentfulPaint": 1062.962,
  "speedIndex": 1126.7179149519432,
  "largestContentfulPaint": 1718.0310000000002,
  "totalBlockingTime": 75.5,
  "cumulativeLayoutShift": 0,
  "timeToInteractive": 3794.129499999999,
  "maxPotentialFirstInputDelay": 100,
  "timeToFirstByte": 162.051,
  "weight": {
    "summary": "31 requests • 286 KiB",
    "total": 293284,
    "image": 48768,
    "imageCount": 7,
    "script": 153623,
    "scriptCount": 12,
    "document": 38120,
    "font": 47917,
    "fontCount": 4,
    "stylesheet": 0,
    "stylesheetCount": 0,
    "thirdParty": 153528,
    "thirdPartyCount": 23
  },
  "axe": {
    "passes": 946,
    "violations": 1
  }
}