{
  "url": "https://www.netlify.com/donation-matching/",
  "requestedUrl": "https://www.netlify.com/donation-matching/",
  "timestamp": 1605334439982,
  "ranks": {
    "hundos": 16,
    "performance": 5,
    "accessibility": 8,
    "cumulative": 16
  },
  "lighthouse": {
    "version": "6.4.1",
    "performance": 0.98,
    "accessibility": 0.98,
    "bestPractices": 1,
    "seo": 0.92,
    "total": 388
  },
  "firstContentfulPaint": 1268.708,
  "speedIndex": 1268.708,
  "largestContentfulPaint": 1738.5075000000002,
  "totalBlockingTime": 85,
  "cumulativeLayoutShift": 0,
  "timeToInteractive": 3649.067,
  "maxPotentialFirstInputDelay": 93,
  "timeToFirstByte": 12.445999999999998,
  "weight": {
    "summary": "30 requests • 229 KiB",
    "total": 234425,
    "image": 5133,
    "imageCount": 6,
    "script": 152400,
    "scriptCount": 12,
    "document": 24285,
    "font": 47909,
    "fontCount": 4,
    "stylesheet": 0,
    "stylesheetCount": 0,
    "thirdParty": 152647,
    "thirdPartyCount": 23
  },
  "axe": {
    "passes": 902,
    "violations": 1
  }
}