{
  "url": "https://www.netlify.com/donation-matching/",
  "requestedUrl": "https://www.netlify.com/donation-matching/",
  "timestamp": 1605680091963,
  "ranks": {
    "hundos": 16,
    "performance": 8,
    "accessibility": 10,
    "cumulative": 15
  },
  "lighthouse": {
    "version": "6.4.1",
    "performance": 0.96,
    "accessibility": 0.98,
    "bestPractices": 1,
    "seo": 0.92,
    "total": 386
  },
  "firstContentfulPaint": 1402.2210000000002,
  "speedIndex": 1542.438953999894,
  "largestContentfulPaint": 2390.4495000000006,
  "totalBlockingTime": 69.99999999999977,
  "cumulativeLayoutShift": 0,
  "timeToInteractive": 3850.973,
  "maxPotentialFirstInputDelay": 122,
  "timeToFirstByte": 210.748,
  "weight": {
    "summary": "31 requests • 286 KiB",
    "total": 293248,
    "image": 48786,
    "imageCount": 7,
    "script": 153485,
    "scriptCount": 12,
    "document": 38377,
    "font": 47909,
    "fontCount": 4,
    "stylesheet": 0,
    "stylesheetCount": 0,
    "thirdParty": 153284,
    "thirdPartyCount": 23
  },
  "axe": {
    "passes": 938,
    "violations": 1
  }
}