{
  "url": "https://www.netlify.com/donation-matching/",
  "requestedUrl": "https://www.netlify.com/donation-matching/",
  "timestamp": 1607926221284,
  "ranks": {
    "hundos": 15,
    "performance": 16,
    "accessibility": 11,
    "cumulative": 13
  },
  "lighthouse": {
    "version": "6.5.0",
    "performance": 0.95,
    "accessibility": 0.98,
    "bestPractices": 1,
    "seo": 0.92,
    "total": 385
  },
  "firstContentfulPaint": 1563.0919999999999,
  "speedIndex": 2275.762857530781,
  "largestContentfulPaint": 2381.96,
  "totalBlockingTime": 12,
  "cumulativeLayoutShift": 0.11871322631835939,
  "timeToInteractive": 3897.6695000000004,
  "maxPotentialFirstInputDelay": 72,
  "timeToFirstByte": 343.773,
  "weight": {
    "summary": "30 requests • 245 KiB",
    "total": 251019,
    "image": 5198,
    "imageCount": 6,
    "script": 155123,
    "scriptCount": 12,
    "document": 38068,
    "font": 47942,
    "fontCount": 4,
    "stylesheet": 0,
    "stylesheetCount": 0,
    "thirdParty": 154728,
    "thirdPartyCount": 23
  },
  "run": {
    "number": 2,
    "total": 3
  },
  "axe": {
    "passes": 960,
    "violations": 1
  }
}