{
  "url": "https://www.netlify.com/donation-matching/",
  "requestedUrl": "https://www.netlify.com/donation-matching/",
  "timestamp": 1607666903492,
  "ranks": {
    "hundos": 8,
    "performance": 4,
    "accessibility": 11,
    "cumulative": 8
  },
  "lighthouse": {
    "version": "6.5.0",
    "performance": 0.98,
    "accessibility": 0.98,
    "bestPractices": 1,
    "seo": 0.92,
    "total": 388
  },
  "firstContentfulPaint": 1352.1230000000003,
  "speedIndex": 1352.1230000000003,
  "largestContentfulPaint": 1773.6620000000003,
  "totalBlockingTime": 21,
  "cumulativeLayoutShift": 0,
  "timeToInteractive": 3657.963,
  "maxPotentialFirstInputDelay": 72,
  "timeToFirstByte": 167.07299999999998,
  "weight": {
    "summary": "31 requests • 246 KiB",
    "total": 251491,
    "image": 5172,
    "imageCount": 6,
    "script": 155102,
    "scriptCount": 12,
    "document": 38613,
    "font": 47917,
    "fontCount": 4,
    "stylesheet": 0,
    "stylesheetCount": 0,
    "thirdParty": 155295,
    "thirdPartyCount": 24
  },
  "axe": {
    "passes": 959,
    "violations": 1
  }
}