{
  "url": "https://www.netlify.com/donation-matching/",
  "requestedUrl": "https://www.netlify.com/donation-matching/",
  "timestamp": 1604643081101,
  "ranks": {
    "hundos": 6,
    "performance": 5,
    "accessibility": 8,
    "cumulative": 6
  },
  "lighthouse": {
    "version": "6.4.1",
    "performance": 0.99,
    "accessibility": 0.98,
    "bestPractices": 1,
    "seo": 0.92,
    "total": 389
  },
  "firstContentfulPaint": 1442.44,
  "speedIndex": 1442.44,
  "largestContentfulPaint": 1537.564,
  "totalBlockingTime": 33.5,
  "cumulativeLayoutShift": 0,
  "timeToInteractive": 3637.058,
  "maxPotentialFirstInputDelay": 79,
  "timeToFirstByte": 40.861999999999995,
  "weight": {
    "summary": "30 requests • 228 KiB",
    "total": 233706,
    "image": 5171,
    "imageCount": 6,
    "script": 151404,
    "scriptCount": 12,
    "document": 24286,
    "font": 47919,
    "fontCount": 4,
    "stylesheet": 0,
    "stylesheetCount": 0,
    "thirdParty": 151914,
    "thirdPartyCount": 23
  },
  "axe": {
    "passes": 902,
    "violations": 1
  }
}