{
  "url": "https://www.netlify.com/donation-matching/",
  "requestedUrl": "https://www.netlify.com/donation-matching/",
  "timestamp": 1605075004022,
  "ranks": {
    "hundos": 17,
    "performance": 3,
    "accessibility": 8,
    "cumulative": 16
  },
  "lighthouse": {
    "version": "6.4.1",
    "performance": 0.98,
    "accessibility": 0.98,
    "bestPractices": 1,
    "seo": 0.92,
    "total": 388
  },
  "firstContentfulPaint": 1268.594,
  "speedIndex": 1268.594,
  "largestContentfulPaint": 2207.365,
  "totalBlockingTime": 56,
  "cumulativeLayoutShift": 0,
  "timeToInteractive": 3531.987,
  "maxPotentialFirstInputDelay": 74,
  "timeToFirstByte": 155.77100000000002,
  "weight": {
    "summary": "30 requests • 228 KiB",
    "total": 233477,
    "image": 5149,
    "imageCount": 6,
    "script": 151399,
    "scriptCount": 12,
    "document": 24279,
    "font": 47942,
    "fontCount": 4,
    "stylesheet": 0,
    "stylesheetCount": 0,
    "thirdParty": 151671,
    "thirdPartyCount": 23
  },
  "axe": {
    "passes": 902,
    "violations": 1
  }
}