{
  "url": "https://www.netlify.com/donation-matching/",
  "requestedUrl": "https://www.netlify.com/donation-matching/",
  "timestamp": 1606371073462,
  "ranks": {
    "hundos": 18,
    "performance": 6,
    "accessibility": 11,
    "cumulative": 18
  },
  "lighthouse": {
    "version": "6.4.1",
    "performance": 0.98,
    "accessibility": 0.98,
    "bestPractices": 1,
    "seo": 0.92,
    "total": 388
  },
  "firstContentfulPaint": 1449.2600000000002,
  "speedIndex": 1450.6020839999803,
  "largestContentfulPaint": 1544.325,
  "totalBlockingTime": 36,
  "cumulativeLayoutShift": 0,
  "timeToInteractive": 3793.7080000000005,
  "maxPotentialFirstInputDelay": 78,
  "timeToFirstByte": 169.91500000000002,
  "weight": {
    "summary": "31 requests • 287 KiB",
    "total": 293419,
    "image": 48653,
    "imageCount": 7,
    "script": 153613,
    "scriptCount": 12,
    "document": 38118,
    "font": 47915,
    "fontCount": 4,
    "stylesheet": 0,
    "stylesheetCount": 0,
    "thirdParty": 153677,
    "thirdPartyCount": 23
  },
  "axe": {
    "passes": 946,
    "violations": 1
  }
}