{
  "url": "https://www.netlify.com/donation-matching/",
  "requestedUrl": "https://www.netlify.com/donation-matching/",
  "timestamp": 1606111893961,
  "ranks": {
    "hundos": 17,
    "performance": 11,
    "accessibility": 11,
    "cumulative": 16
  },
  "lighthouse": {
    "version": "6.4.1",
    "performance": 0.97,
    "accessibility": 0.98,
    "bestPractices": 1,
    "seo": 0.92,
    "total": 387
  },
  "firstContentfulPaint": 1451.0150000000003,
  "speedIndex": 2837.9313451354146,
  "largestContentfulPaint": 2178.666,
  "totalBlockingTime": 76.11999999999989,
  "cumulativeLayoutShift": 0,
  "timeToInteractive": 3713.6335000000004,
  "maxPotentialFirstInputDelay": 98,
  "timeToFirstByte": 544.667,
  "weight": {
    "summary": "31 requests • 286 KiB",
    "total": 293305,
    "image": 48656,
    "imageCount": 7,
    "script": 153615,
    "scriptCount": 12,
    "document": 38434,
    "font": 47909,
    "fontCount": 4,
    "stylesheet": 0,
    "stylesheetCount": 0,
    "thirdParty": 153249,
    "thirdPartyCount": 23
  },
  "axe": {
    "passes": 946,
    "violations": 1
  }
}