{
  "url": "https://www.netlify.com/donation-matching/",
  "requestedUrl": "https://www.netlify.com/donation-matching/",
  "timestamp": 1608704038575,
  "ranks": {
    "hundos": 15,
    "performance": 4,
    "accessibility": 10,
    "cumulative": 15
  },
  "lighthouse": {
    "version": "6.5.0",
    "performance": 0.98,
    "accessibility": 0.98,
    "bestPractices": 1,
    "seo": 0.92,
    "total": 388
  },
  "firstContentfulPaint": 1270.1239999999998,
  "speedIndex": 1270.1239999999998,
  "largestContentfulPaint": 1350.7694999999999,
  "totalBlockingTime": 119.00000000000023,
  "cumulativeLayoutShift": 0,
  "timeToInteractive": 4137.468499999999,
  "maxPotentialFirstInputDelay": 220.00000000000045,
  "timeToFirstByte": 153.704,
  "weight": {
    "summary": "34 requests • 324 KiB",
    "total": 331861,
    "image": 5327,
    "imageCount": 7,
    "script": 242556,
    "scriptCount": 14,
    "document": 38243,
    "font": 40954,
    "fontCount": 4,
    "stylesheet": 0,
    "stylesheetCount": 0,
    "thirdParty": 241910,
    "thirdPartyCount": 27
  },
  "run": {
    "number": 3,
    "total": 3
  },
  "axe": {
    "passes": 961,
    "violations": 2
  }
}