{
  "url": "https://www.netlify.com/donation-matching/",
  "requestedUrl": "https://www.netlify.com/donation-matching/",
  "timestamp": 1606284507375,
  "ranks": {
    "hundos": 17,
    "performance": 7,
    "accessibility": 11,
    "cumulative": 17
  },
  "lighthouse": {
    "version": "6.4.1",
    "performance": 0.97,
    "accessibility": 0.98,
    "bestPractices": 1,
    "seo": 0.92,
    "total": 387
  },
  "firstContentfulPaint": 1347.729,
  "speedIndex": 1456.02513400003,
  "largestContentfulPaint": 2249.8099999999995,
  "totalBlockingTime": 9.5,
  "cumulativeLayoutShift": 0,
  "timeToInteractive": 3730.5859999999993,
  "maxPotentialFirstInputDelay": 63,
  "timeToFirstByte": 197.56799999999998,
  "weight": {
    "summary": "32 requests • 287 KiB",
    "total": 293604,
    "image": 48703,
    "imageCount": 7,
    "script": 153618,
    "scriptCount": 12,
    "document": 38681,
    "font": 47912,
    "fontCount": 4,
    "stylesheet": 0,
    "stylesheetCount": 0,
    "thirdParty": 153815,
    "thirdPartyCount": 24
  },
  "axe": {
    "passes": 946,
    "violations": 1
  }
}