{
  "url": "https://www.netlify.com/donation-matching/",
  "requestedUrl": "https://www.netlify.com/donation-matching/",
  "timestamp": 1605593447988,
  "ranks": {
    "hundos": 16,
    "performance": 6,
    "accessibility": 11,
    "cumulative": 16
  },
  "lighthouse": {
    "version": "6.4.1",
    "performance": 0.98,
    "accessibility": 0.98,
    "bestPractices": 1,
    "seo": 0.92,
    "total": 388
  },
  "firstContentfulPaint": 1410.8519999999996,
  "speedIndex": 1423.2203440000053,
  "largestContentfulPaint": 1595.5019999999995,
  "totalBlockingTime": 55.50000000000023,
  "cumulativeLayoutShift": 0,
  "timeToInteractive": 3729.1395,
  "maxPotentialFirstInputDelay": 89,
  "timeToFirstByte": 205.23799999999997,
  "weight": {
    "summary": "30 requests • 229 KiB",
    "total": 235002,
    "image": 5170,
    "imageCount": 6,
    "script": 152906,
    "scriptCount": 12,
    "document": 24345,
    "font": 47940,
    "fontCount": 4,
    "stylesheet": 0,
    "stylesheetCount": 0,
    "thirdParty": 153133,
    "thirdPartyCount": 23
  },
  "axe": {
    "passes": 902,
    "violations": 1
  }
}