{
  "url": "https://www.netlify.com/donation-matching/",
  "requestedUrl": "https://www.netlify.com/donation-matching/",
  "timestamp": 1608962919706,
  "ranks": {
    "hundos": 15,
    "performance": 6,
    "accessibility": 8,
    "cumulative": 15
  },
  "lighthouse": {
    "version": "6.5.0",
    "performance": 0.98,
    "accessibility": 0.98,
    "bestPractices": 1,
    "seo": 0.92,
    "total": 388
  },
  "firstContentfulPaint": 1076.238,
  "speedIndex": 1076.238,
  "largestContentfulPaint": 1268.706,
  "totalBlockingTime": 103.50000000000045,
  "cumulativeLayoutShift": 0,
  "timeToInteractive": 4035.5515000000005,
  "maxPotentialFirstInputDelay": 185,
  "timeToFirstByte": 12.536000000000001,
  "weight": {
    "summary": "35 requests • 325 KiB",
    "total": 332377,
    "image": 5299,
    "imageCount": 7,
    "script": 242536,
    "scriptCount": 14,
    "document": 38816,
    "font": 40946,
    "fontCount": 4,
    "stylesheet": 0,
    "stylesheetCount": 0,
    "thirdParty": 242495,
    "thirdPartyCount": 28
  },
  "run": {
    "number": 2,
    "total": 3
  },
  "axe": {
    "passes": 962,
    "violations": 1
  }
}