{
  "url": "https://www.netlify.com/donation-matching/",
  "requestedUrl": "https://www.netlify.com/donation-matching/",
  "timestamp": 1607753310050,
  "ranks": {
    "hundos": 10,
    "performance": 5,
    "accessibility": 11,
    "cumulative": 9
  },
  "lighthouse": {
    "version": "6.5.0",
    "performance": 0.98,
    "accessibility": 0.98,
    "bestPractices": 1,
    "seo": 0.92,
    "total": 388
  },
  "firstContentfulPaint": 1346.8680000000004,
  "speedIndex": 1417.313104000004,
  "largestContentfulPaint": 1773.884,
  "totalBlockingTime": 17.000000000000227,
  "cumulativeLayoutShift": 0,
  "timeToInteractive": 3669.0585,
  "maxPotentialFirstInputDelay": 74.00000000000045,
  "timeToFirstByte": 181.50699999999998,
  "weight": {
    "summary": "30 requests • 245 KiB",
    "total": 251033,
    "image": 5278,
    "imageCount": 6,
    "script": 155100,
    "scriptCount": 12,
    "document": 38069,
    "font": 47940,
    "fontCount": 4,
    "stylesheet": 0,
    "stylesheetCount": 0,
    "thirdParty": 154791,
    "thirdPartyCount": 23
  },
  "axe": {
    "passes": 960,
    "violations": 1
  }
}