{
  "url": "https://www.netlify.com/donation-matching/",
  "requestedUrl": "https://www.netlify.com/donation-matching/",
  "timestamp": 1608530936830,
  "ranks": {
    "hundos": 16,
    "performance": 9,
    "accessibility": 9,
    "cumulative": 16
  },
  "lighthouse": {
    "version": "6.5.0",
    "performance": 0.97,
    "accessibility": 0.98,
    "bestPractices": 1,
    "seo": 0.92,
    "total": 387
  },
  "firstContentfulPaint": 1272.843,
  "speedIndex": 1334.4120340000325,
  "largestContentfulPaint": 1272.843,
  "totalBlockingTime": 173.99999999999977,
  "cumulativeLayoutShift": 0,
  "timeToInteractive": 4213.964499999999,
  "maxPotentialFirstInputDelay": 293.99999999999955,
  "timeToFirstByte": 290.553,
  "weight": {
    "summary": "34 requests • 324 KiB",
    "total": 331781,
    "image": 5434,
    "imageCount": 7,
    "script": 242551,
    "scriptCount": 14,
    "document": 38020,
    "font": 40945,
    "fontCount": 4,
    "stylesheet": 0,
    "stylesheetCount": 0,
    "thirdParty": 242044,
    "thirdPartyCount": 27
  },
  "run": {
    "number": 2,
    "total": 3
  },
  "axe": {
    "passes": 961,
    "violations": 1
  }
}