{
  "url": "https://www.netlify.com/donation-matching/",
  "requestedUrl": "https://www.netlify.com/donation-matching/",
  "timestamp": 1607321352394,
  "ranks": {
    "hundos": 18,
    "performance": 6,
    "accessibility": 11,
    "cumulative": 18
  },
  "lighthouse": {
    "version": "6.5.0",
    "performance": 0.98,
    "accessibility": 0.98,
    "bestPractices": 1,
    "seo": 0.92,
    "total": 388
  },
  "firstContentfulPaint": 1145.551,
  "speedIndex": 1515.5910540000004,
  "largestContentfulPaint": 1456.8029999999999,
  "totalBlockingTime": 41.50000000000023,
  "cumulativeLayoutShift": 0,
  "timeToInteractive": 3868.6680000000006,
  "maxPotentialFirstInputDelay": 121,
  "timeToFirstByte": 333.356,
  "weight": {
    "summary": "31 requests • 287 KiB",
    "total": 293566,
    "image": 48683,
    "imageCount": 7,
    "script": 154067,
    "scriptCount": 12,
    "document": 38233,
    "font": 47946,
    "fontCount": 4,
    "stylesheet": 0,
    "stylesheetCount": 0,
    "thirdParty": 153618,
    "thirdPartyCount": 23
  },
  "axe": {
    "passes": 946,
    "violations": 1
  }
}