{
  "url": "https://www.netlify.com/donation-matching/",
  "requestedUrl": "https://www.netlify.com/donation-matching/",
  "timestamp": 1605247452695,
  "ranks": {
    "hundos": 16,
    "performance": 2,
    "accessibility": 8,
    "cumulative": 16
  },
  "lighthouse": {
    "version": "6.4.1",
    "performance": 0.99,
    "accessibility": 0.98,
    "bestPractices": 1,
    "seo": 0.92,
    "total": 389
  },
  "firstContentfulPaint": 1030.258,
  "speedIndex": 1209.7850545024344,
  "largestContentfulPaint": 1719.968,
  "totalBlockingTime": 40,
  "cumulativeLayoutShift": 0,
  "timeToInteractive": 3552.1235000000006,
  "maxPotentialFirstInputDelay": 78,
  "timeToFirstByte": 271.95799999999997,
  "weight": {
    "summary": "30 requests • 230 KiB",
    "total": 235126,
    "image": 5234,
    "imageCount": 6,
    "script": 152576,
    "scriptCount": 12,
    "document": 24277,
    "font": 47940,
    "fontCount": 4,
    "stylesheet": 0,
    "stylesheetCount": 0,
    "thirdParty": 153285,
    "thirdPartyCount": 23
  },
  "axe": {
    "passes": 902,
    "violations": 1
  }
}