{
  "url": "https://www.netlify.com/donation-matching/",
  "requestedUrl": "https://www.netlify.com/donation-matching/",
  "timestamp": 1607148290876,
  "ranks": {
    "hundos": 17,
    "performance": 7,
    "accessibility": 11,
    "cumulative": 17
  },
  "lighthouse": {
    "version": "6.5.0",
    "performance": 0.97,
    "accessibility": 0.98,
    "bestPractices": 1,
    "seo": 0.92,
    "total": 387
  },
  "firstContentfulPaint": 1348.5580000000002,
  "speedIndex": 1436.6032040000118,
  "largestContentfulPaint": 2181.228,
  "totalBlockingTime": 25,
  "cumulativeLayoutShift": 0,
  "timeToInteractive": 3697.1304999999998,
  "maxPotentialFirstInputDelay": 74,
  "timeToFirstByte": 197.296,
  "weight": {
    "summary": "31 requests • 287 KiB",
    "total": 293485,
    "image": 48652,
    "imageCount": 7,
    "script": 154004,
    "scriptCount": 12,
    "document": 38233,
    "font": 47913,
    "fontCount": 4,
    "stylesheet": 0,
    "stylesheetCount": 0,
    "thirdParty": 153630,
    "thirdPartyCount": 23
  },
  "axe": {
    "passes": 946,
    "violations": 1
  }
}