{
  "url": "https://www.netlify.com/donation-matching/",
  "requestedUrl": "https://www.netlify.com/donation-matching/",
  "timestamp": 1608617715665,
  "ranks": {
    "hundos": 13,
    "performance": 3,
    "accessibility": 10,
    "cumulative": 13
  },
  "lighthouse": {
    "version": "6.5.0",
    "performance": 0.98,
    "accessibility": 0.98,
    "bestPractices": 1,
    "seo": 0.92,
    "total": 388
  },
  "firstContentfulPaint": 1344.8680000000004,
  "speedIndex": 1467.2092839999302,
  "largestContentfulPaint": 1344.8680000000004,
  "totalBlockingTime": 133,
  "cumulativeLayoutShift": 0,
  "timeToInteractive": 4396.5645,
  "maxPotentialFirstInputDelay": 238,
  "timeToFirstByte": 212.51100000000002,
  "weight": {
    "summary": "34 requests • 324 KiB",
    "total": 332212,
    "image": 5297,
    "imageCount": 7,
    "script": 242606,
    "scriptCount": 14,
    "document": 38241,
    "font": 40940,
    "fontCount": 4,
    "stylesheet": 0,
    "stylesheetCount": 0,
    "thirdParty": 242312,
    "thirdPartyCount": 27
  },
  "run": {
    "number": 3,
    "total": 3
  },
  "axe": {
    "passes": 961,
    "violations": 2
  }
}