{
  "url": "https://www.netlify.com/donation-matching/",
  "requestedUrl": "https://www.netlify.com/donation-matching/",
  "timestamp": 1609567836872,
  "ranks": {
    "hundos": 15,
    "performance": 14,
    "accessibility": 10,
    "cumulative": 15
  },
  "lighthouse": {
    "version": "6.5.0",
    "performance": 0.93,
    "accessibility": 0.98,
    "bestPractices": 1,
    "seo": 0.92,
    "total": 383
  },
  "firstContentfulPaint": 1419.121,
  "speedIndex": 2450.759868658449,
  "largestContentfulPaint": 2390.772,
  "totalBlockingTime": 182,
  "cumulativeLayoutShift": 0.11871322631835939,
  "timeToInteractive": 4757.375000000001,
  "maxPotentialFirstInputDelay": 246,
  "timeToFirstByte": 417.237,
  "weight": {
    "summary": "34 requests • 325 KiB",
    "total": 332398,
    "image": 5326,
    "imageCount": 7,
    "script": 242592,
    "scriptCount": 14,
    "document": 38242,
    "font": 40978,
    "fontCount": 4,
    "stylesheet": 0,
    "stylesheetCount": 0,
    "thirdParty": 242403,
    "thirdPartyCount": 27
  },
  "run": {
    "number": 1,
    "total": 3
  },
  "axe": {
    "passes": 961,
    "violations": 2
  }
}