{
  "url": "https://gulpjs.com/",
  "requestedUrl": "https://gulpjs.com/",
  "timestamp": 1605335243483,
  "ranks": {
    "hundos": 3,
    "performance": 9,
    "accessibility": 3,
    "cumulative": 3
  },
  "lighthouse": {
    "version": "6.4.1",
    "performance": 0.85,
    "accessibility": 0.97,
    "bestPractices": 1,
    "seo": 0.89,
    "total": 371
  },
  "firstContentfulPaint": 2931.1690000000003,
  "speedIndex": 2931.1690000000003,
  "largestContentfulPaint": 3175.6250000000005,
  "totalBlockingTime": 207.50000000000045,
  "cumulativeLayoutShift": 0.11914421823289659,
  "timeToInteractive": 4359.627,
  "maxPotentialFirstInputDelay": 357.0000000000009,
  "timeToFirstByte": 33.55799999999999,
  "weight": {
    "summary": "61 requests • 1,161 KiB",
    "total": 1188924,
    "image": 949982,
    "imageCount": 31,
    "script": 182144,
    "scriptCount": 12,
    "document": 4560,
    "font": 19375,
    "fontCount": 2,
    "stylesheet": 19017,
    "stylesheetCount": 4,
    "thirdParty": 799958,
    "thirdPartyCount": 21
  },
  "axe": {
    "passes": 480,
    "violations": 1
  }
}