{
  "url": "https://gulpjs.com/",
  "requestedUrl": "https://gulpjs.com/",
  "timestamp": 1605421488811,
  "ranks": {
    "hundos": 4,
    "performance": 7,
    "accessibility": 3,
    "cumulative": 4
  },
  "lighthouse": {
    "version": "6.4.1",
    "performance": 0.9,
    "accessibility": 0.97,
    "bestPractices": 0.93,
    "seo": 0.89,
    "total": 369
  },
  "firstContentfulPaint": 2656.991,
  "speedIndex": 3309.219018356751,
  "largestContentfulPaint": 2807.725,
  "totalBlockingTime": 164,
  "cumulativeLayoutShift": 0.031197796079847552,
  "timeToInteractive": 4315.0650000000005,
  "maxPotentialFirstInputDelay": 378,
  "timeToFirstByte": 127.86699999999999,
  "weight": {
    "summary": "61 requests • 1,161 KiB",
    "total": 1188802,
    "image": 949817,
    "imageCount": 31,
    "script": 182191,
    "scriptCount": 12,
    "document": 4600,
    "font": 19375,
    "fontCount": 2,
    "stylesheet": 19055,
    "stylesheetCount": 4,
    "thirdParty": 799945,
    "thirdPartyCount": 21
  },
  "axe": {
    "passes": 480,
    "violations": 1
  }
}