{
  "url": "https://gulpjs.com/",
  "requestedUrl": "https://gulpjs.com/",
  "timestamp": 1607754212326,
  "ranks": {
    "hundos": 3,
    "performance": 7,
    "accessibility": 3,
    "cumulative": 3
  },
  "lighthouse": {
    "version": "6.5.0",
    "performance": 0.92,
    "accessibility": 0.97,
    "bestPractices": 1,
    "seo": 0.89,
    "total": 378
  },
  "firstContentfulPaint": 2548.609,
  "speedIndex": 2950.7095671702205,
  "largestContentfulPaint": 2699.423,
  "totalBlockingTime": 142,
  "cumulativeLayoutShift": 0.02820986557006836,
  "timeToInteractive": 3830.5280000000002,
  "maxPotentialFirstInputDelay": 280,
  "timeToFirstByte": 273.49,
  "weight": {
    "summary": "61 requests • 748 KiB",
    "total": 765503,
    "image": 526143,
    "imageCount": 31,
    "script": 182680,
    "scriptCount": 12,
    "document": 4557,
    "font": 19375,
    "fontCount": 2,
    "stylesheet": 18889,
    "stylesheetCount": 4,
    "thirdParty": 375870,
    "thirdPartyCount": 20
  },
  "axe": {
    "passes": 474,
    "violations": 1
  }
}