{
  "url": "https://gulpjs.com/",
  "requestedUrl": "https://gulpjs.com/",
  "timestamp": 1606803867815,
  "ranks": {
    "hundos": 3,
    "performance": 6,
    "accessibility": 3,
    "cumulative": 3
  },
  "lighthouse": {
    "version": "6.4.1",
    "performance": 0.91,
    "accessibility": 0.97,
    "bestPractices": 0.93,
    "seo": 0.89,
    "total": 370
  },
  "firstContentfulPaint": 2482.8630000000003,
  "speedIndex": 2545.183837845415,
  "largestContentfulPaint": 2482.8630000000003,
  "totalBlockingTime": 207.8739999999998,
  "cumulativeLayoutShift": 0.11492523193359375,
  "timeToInteractive": 4363.263000000001,
  "maxPotentialFirstInputDelay": 358,
  "timeToFirstByte": 25.438000000000002,
  "weight": {
    "summary": "61 requests • 1,161 KiB",
    "total": 1189136,
    "image": 949812,
    "imageCount": 31,
    "script": 182641,
    "scriptCount": 12,
    "document": 4630,
    "font": 19373,
    "fontCount": 2,
    "stylesheet": 18826,
    "stylesheetCount": 4,
    "thirdParty": 799892,
    "thirdPartyCount": 21
  },
  "axe": {
    "passes": 480,
    "violations": 1
  }
}