{
  "url": "https://gulpjs.com/",
  "requestedUrl": "https://gulpjs.com/",
  "timestamp": 1604643792879,
  "ranks": {
    "hundos": 3,
    "performance": 5,
    "accessibility": 3,
    "cumulative": 3
  },
  "lighthouse": {
    "version": "6.4.1",
    "performance": 0.95,
    "accessibility": 0.97,
    "bestPractices": 0.93,
    "seo": 0.89,
    "total": 374
  },
  "firstContentfulPaint": 1615.9479999999999,
  "speedIndex": 2756.9653966790293,
  "largestContentfulPaint": 2119.97,
  "totalBlockingTime": 196,
  "cumulativeLayoutShift": 0.0825905181037055,
  "timeToInteractive": 4464.7135,
  "maxPotentialFirstInputDelay": 286,
  "timeToFirstByte": 139.69100000000003,
  "weight": {
    "summary": "64 requests • 1,162 KiB",
    "total": 1189847,
    "image": 951028,
    "imageCount": 34,
    "script": 181895,
    "scriptCount": 12,
    "document": 4610,
    "font": 19396,
    "fontCount": 2,
    "stylesheet": 19101,
    "stylesheetCount": 4,
    "thirdParty": 800041,
    "thirdPartyCount": 23
  },
  "axe": {
    "passes": 480,
    "violations": 1
  }
}