{
  "url": "https://gulpjs.com/",
  "requestedUrl": "https://gulpjs.com/",
  "timestamp": 1604730584709,
  "ranks": {
    "hundos": 3,
    "performance": 7,
    "accessibility": 3,
    "cumulative": 3
  },
  "lighthouse": {
    "version": "6.4.1",
    "performance": 0.9,
    "accessibility": 0.97,
    "bestPractices": 1,
    "seo": 0.89,
    "total": 376
  },
  "firstContentfulPaint": 2671.9399999999996,
  "speedIndex": 3312.845374734434,
  "largestContentfulPaint": 2671.9399999999996,
  "totalBlockingTime": 184.5,
  "cumulativeLayoutShift": 0.03808863364325629,
  "timeToInteractive": 4326.527,
  "maxPotentialFirstInputDelay": 397,
  "timeToFirstByte": 265.297,
  "weight": {
    "summary": "61 requests • 1,158 KiB",
    "total": 1186241,
    "image": 947527,
    "imageCount": 31,
    "script": 181933,
    "scriptCount": 12,
    "document": 4575,
    "font": 19397,
    "fontCount": 2,
    "stylesheet": 19010,
    "stylesheetCount": 4,
    "thirdParty": 799706,
    "thirdPartyCount": 21
  },
  "axe": {
    "passes": 480,
    "violations": 1
  }
}