{
  "url": "https://gulpjs.com/",
  "requestedUrl": "https://gulpjs.com/",
  "timestamp": 1608359008681,
  "ranks": {
    "hundos": 4,
    "performance": 8,
    "accessibility": 3,
    "cumulative": 4
  },
  "lighthouse": {
    "version": "6.5.0",
    "performance": 0.91,
    "accessibility": 0.97,
    "bestPractices": 0.93,
    "seo": 0.89,
    "total": 370
  },
  "firstContentfulPaint": 2360.8240000000005,
  "speedIndex": 3110.336049763921,
  "largestContentfulPaint": 2816.943,
  "totalBlockingTime": 189.18199999999933,
  "cumulativeLayoutShift": 0.04159403059217665,
  "timeToInteractive": 3897.5539999999996,
  "maxPotentialFirstInputDelay": 341.9999999999991,
  "timeToFirstByte": 159.557,
  "weight": {
    "summary": "60 requests • 733 KiB",
    "total": 750188,
    "image": 510776,
    "imageCount": 30,
    "script": 182711,
    "scriptCount": 12,
    "document": 4608,
    "font": 19375,
    "fontCount": 2,
    "stylesheet": 18999,
    "stylesheetCount": 4,
    "thirdParty": 375884,
    "thirdPartyCount": 20
  },
  "run": {
    "number": 2,
    "total": 3
  },
  "axe": {
    "passes": 474,
    "violations": 1
  }
}