{
  "url": "https://gulpjs.com/",
  "requestedUrl": "https://gulpjs.com/",
  "timestamp": 1606890350685,
  "ranks": {
    "hundos": 3,
    "performance": 7,
    "accessibility": 3,
    "cumulative": 3
  },
  "lighthouse": {
    "version": "6.5.0",
    "performance": 0.91,
    "accessibility": 0.97,
    "bestPractices": 0.93,
    "seo": 0.89,
    "total": 370
  },
  "firstContentfulPaint": 2552.9189999999994,
  "speedIndex": 2648.385948940332,
  "largestContentfulPaint": 2552.9189999999994,
  "totalBlockingTime": 223.99999999999955,
  "cumulativeLayoutShift": 0.08876425615946452,
  "timeToInteractive": 4488.4439999999995,
  "maxPotentialFirstInputDelay": 384.9999999999991,
  "timeToFirstByte": 252.9,
  "weight": {
    "summary": "61 requests • 1,146 KiB",
    "total": 1173974,
    "image": 935103,
    "imageCount": 31,
    "script": 182160,
    "scriptCount": 12,
    "document": 4619,
    "font": 19374,
    "fontCount": 2,
    "stylesheet": 18937,
    "stylesheetCount": 4,
    "thirdParty": 799870,
    "thirdPartyCount": 21
  },
  "axe": {
    "passes": 480,
    "violations": 1
  }
}