{
  "url": "https://gulpjs.com/",
  "requestedUrl": "https://gulpjs.com/",
  "timestamp": 1609223090985,
  "ranks": {
    "hundos": 4,
    "performance": 6,
    "accessibility": 3,
    "cumulative": 4
  },
  "lighthouse": {
    "version": "6.5.0",
    "performance": 0.94,
    "accessibility": 0.97,
    "bestPractices": 0.93,
    "seo": 0.89,
    "total": 373
  },
  "firstContentfulPaint": 2359.727,
  "speedIndex": 2359.727,
  "largestContentfulPaint": 2359.727,
  "totalBlockingTime": 106,
  "cumulativeLayoutShift": 0.07740443759494357,
  "timeToInteractive": 3787.7005,
  "maxPotentialFirstInputDelay": 238,
  "timeToFirstByte": 24.047,
  "weight": {
    "summary": "61 requests • 748 KiB",
    "total": 765775,
    "image": 526401,
    "imageCount": 31,
    "script": 182543,
    "scriptCount": 12,
    "document": 4626,
    "font": 19376,
    "fontCount": 2,
    "stylesheet": 19018,
    "stylesheetCount": 4,
    "thirdParty": 375835,
    "thirdPartyCount": 20
  },
  "run": {
    "number": 2,
    "total": 3
  },
  "axe": {
    "passes": 474,
    "violations": 1
  }
}