{
  "url": "https://gulpjs.com/",
  "requestedUrl": "https://gulpjs.com/",
  "timestamp": 1606976831269,
  "ranks": {
    "hundos": 4,
    "performance": 7,
    "accessibility": 3,
    "cumulative": 4
  },
  "lighthouse": {
    "version": "6.5.0",
    "performance": 0.89,
    "accessibility": 0.97,
    "bestPractices": 0.93,
    "seo": 0.89,
    "total": 368
  },
  "firstContentfulPaint": 1786.7150000000001,
  "speedIndex": 1963.4676635483472,
  "largestContentfulPaint": 2278.846,
  "totalBlockingTime": 409,
  "cumulativeLayoutShift": 0.11520981152852376,
  "timeToInteractive": 4189.686,
  "maxPotentialFirstInputDelay": 407,
  "timeToFirstByte": 26.632,
  "weight": {
    "summary": "59 requests • 757 KiB",
    "total": 774666,
    "image": 535655,
    "imageCount": 29,
    "script": 182502,
    "scriptCount": 12,
    "document": 4552,
    "font": 19375,
    "fontCount": 2,
    "stylesheet": 18855,
    "stylesheetCount": 4,
    "thirdParty": 403213,
    "thirdPartyCount": 20
  },
  "axe": {
    "passes": 474,
    "violations": 1
  }
}