{
  "url": "https://gulpjs.com/",
  "requestedUrl": "https://gulpjs.com/",
  "timestamp": 1607409086419,
  "ranks": {
    "hundos": 4,
    "performance": 8,
    "accessibility": 3,
    "cumulative": 4
  },
  "lighthouse": {
    "version": "6.5.0",
    "performance": 0.91,
    "accessibility": 0.97,
    "bestPractices": 1,
    "seo": 0.89,
    "total": 377
  },
  "firstContentfulPaint": 2640.538,
  "speedIndex": 3302.638661270409,
  "largestContentfulPaint": 2640.538,
  "totalBlockingTime": 163,
  "cumulativeLayoutShift": 0.08846801355150011,
  "timeToInteractive": 3991.888,
  "maxPotentialFirstInputDelay": 366,
  "timeToFirstByte": 271.148,
  "weight": {
    "summary": "59 requests • 769 KiB",
    "total": 787772,
    "image": 548714,
    "imageCount": 29,
    "script": 182472,
    "scriptCount": 12,
    "document": 4559,
    "font": 19375,
    "fontCount": 2,
    "stylesheet": 18969,
    "stylesheetCount": 4,
    "thirdParty": 403635,
    "thirdPartyCount": 20
  },
  "axe": {
    "passes": 474,
    "violations": 1
  }
}