{
  "url": "https://gulpjs.com/",
  "requestedUrl": "https://gulpjs.com/",
  "timestamp": 1609136762371,
  "ranks": {
    "hundos": 3,
    "performance": 7,
    "accessibility": 3,
    "cumulative": 3
  },
  "lighthouse": {
    "version": "6.5.0",
    "performance": 0.92,
    "accessibility": 0.97,
    "bestPractices": 0.93,
    "seo": 0.89,
    "total": 371
  },
  "firstContentfulPaint": 2513.887,
  "speedIndex": 2513.887,
  "largestContentfulPaint": 2513.887,
  "totalBlockingTime": 207.49999999999955,
  "cumulativeLayoutShift": 0.11112584008110893,
  "timeToInteractive": 4088.8869999999997,
  "maxPotentialFirstInputDelay": 389.9999999999991,
  "timeToFirstByte": 28.483000000000004,
  "weight": {
    "summary": "61 requests • 748 KiB",
    "total": 765623,
    "image": 526397,
    "imageCount": 31,
    "script": 182551,
    "scriptCount": 12,
    "document": 4610,
    "font": 19373,
    "fontCount": 2,
    "stylesheet": 18890,
    "stylesheetCount": 4,
    "thirdParty": 375822,
    "thirdPartyCount": 20
  },
  "run": {
    "number": 1,
    "total": 3
  },
  "axe": {
    "passes": 474,
    "violations": 1
  }
}