{
  "url": "https://istanbul.js.org/",
  "requestedUrl": "https://istanbul.js.org/",
  "timestamp": 1608963710363,
  "ranks": {
    "hundos": 4,
    "performance": 7,
    "accessibility": 5,
    "cumulative": 4
  },
  "lighthouse": {
    "version": "6.5.0",
    "performance": 0.94,
    "accessibility": 0.9,
    "bestPractices": 1,
    "seo": 0.92,
    "total": 376
  },
  "firstContentfulPaint": 1701.9229999999998,
  "speedIndex": 1701.9229999999998,
  "largestContentfulPaint": 1701.923,
  "totalBlockingTime": 339,
  "cumulativeLayoutShift": 0,
  "timeToInteractive": 3709.317,
  "maxPotentialFirstInputDelay": 389,
  "timeToFirstByte": 37.408,
  "weight": {
    "summary": "10 requests • 534 KiB",
    "total": 547080,
    "image": 230248,
    "imageCount": 3,
    "script": 306635,
    "scriptCount": 3,
    "document": 8535,
    "font": 0,
    "fontCount": 0,
    "stylesheet": 1594,
    "stylesheetCount": 1,
    "thirdParty": 6412,
    "thirdPartyCount": 4
  },
  "run": {
    "number": 2,
    "total": 3
  },
  "axe": {
    "passes": 171,
    "violations": 13
  }
}