{
  "url": "https://istanbul.js.org/",
  "requestedUrl": "https://istanbul.js.org/",
  "timestamp": 1607149429118,
  "ranks": {
    "hundos": 3,
    "performance": 6,
    "accessibility": 5,
    "cumulative": 3
  },
  "lighthouse": {
    "version": "6.5.0",
    "performance": 0.92,
    "accessibility": 0.9,
    "bestPractices": 1,
    "seo": 0.92,
    "total": 374
  },
  "firstContentfulPaint": 1727.027,
  "speedIndex": 1727.027,
  "largestContentfulPaint": 1727.027,
  "totalBlockingTime": 409,
  "cumulativeLayoutShift": 0,
  "timeToInteractive": 3942.3189999999995,
  "maxPotentialFirstInputDelay": 459,
  "timeToFirstByte": 26.912,
  "weight": {
    "summary": "11 requests • 534 KiB",
    "total": 546895,
    "image": 230539,
    "imageCount": 3,
    "script": 306237,
    "scriptCount": 4,
    "document": 8572,
    "font": 0,
    "fontCount": 0,
    "stylesheet": 1502,
    "stylesheetCount": 1,
    "thirdParty": 6394,
    "thirdPartyCount": 5
  },
  "axe": {
    "passes": 171,
    "violations": 13
  }
}