{
  "url": "https://istanbul.js.org/",
  "requestedUrl": "https://istanbul.js.org/",
  "timestamp": 1604816382473,
  "ranks": {
    "hundos": 4,
    "performance": 6,
    "accessibility": 5,
    "cumulative": 4
  },
  "lighthouse": {
    "version": "6.4.1",
    "performance": 0.94,
    "accessibility": 0.9,
    "bestPractices": 1,
    "seo": 0.92,
    "total": 376
  },
  "firstContentfulPaint": 1724.8739999999998,
  "speedIndex": 1724.8739999999998,
  "largestContentfulPaint": 1724.8739999999998,
  "totalBlockingTime": 342,
  "cumulativeLayoutShift": 0,
  "timeToInteractive": 3711.9889999999996,
  "maxPotentialFirstInputDelay": 391,
  "timeToFirstByte": 25.931999999999995,
  "weight": {
    "summary": "9 requests • 534 KiB",
    "total": 547289,
    "image": 230239,
    "imageCount": 3,
    "script": 306728,
    "scriptCount": 3,
    "document": 8531,
    "font": 0,
    "fontCount": 0,
    "stylesheet": 1791,
    "stylesheetCount": 1,
    "thirdParty": 6357,
    "thirdPartyCount": 3
  },
  "axe": {
    "passes": 152,
    "violations": 11
  }
}