{
  "url": "https://istanbul.js.org/",
  "requestedUrl": "https://istanbul.js.org/",
  "timestamp": 1606890383585,
  "ranks": {
    "hundos": 4,
    "performance": 8,
    "accessibility": 5,
    "cumulative": 4
  },
  "lighthouse": {
    "version": "6.5.0",
    "performance": 0.85,
    "accessibility": 0.9,
    "bestPractices": 1,
    "seo": 0.92,
    "total": 367
  },
  "firstContentfulPaint": 1875.2309999999998,
  "speedIndex": 1875.2309999999998,
  "largestContentfulPaint": 1875.2309999999998,
  "totalBlockingTime": 585,
  "cumulativeLayoutShift": 0,
  "timeToInteractive": 4119.151,
  "maxPotentialFirstInputDelay": 604,
  "timeToFirstByte": 55.292,
  "weight": {
    "summary": "11 requests • 534 KiB",
    "total": 546950,
    "image": 230658,
    "imageCount": 3,
    "script": 306281,
    "scriptCount": 4,
    "document": 8490,
    "font": 0,
    "fontCount": 0,
    "stylesheet": 1505,
    "stylesheetCount": 1,
    "thirdParty": 6336,
    "thirdPartyCount": 5
  },
  "axe": {
    "passes": 171,
    "violations": 13
  }
}