{
  "url": "https://istanbul.js.org/",
  "requestedUrl": "https://istanbul.js.org/",
  "timestamp": 1606458376149,
  "ranks": {
    "hundos": 3,
    "performance": 7,
    "accessibility": 5,
    "cumulative": 3
  },
  "lighthouse": {
    "version": "6.4.1",
    "performance": 0.9,
    "accessibility": 0.9,
    "bestPractices": 1,
    "seo": 0.92,
    "total": 372
  },
  "firstContentfulPaint": 1772.1399999999999,
  "speedIndex": 1772.1399999999999,
  "largestContentfulPaint": 1772.1399999999999,
  "totalBlockingTime": 441,
  "cumulativeLayoutShift": 0,
  "timeToInteractive": 3868.179,
  "maxPotentialFirstInputDelay": 488,
  "timeToFirstByte": 66.87200000000001,
  "weight": {
    "summary": "11 requests • 534 KiB",
    "total": 546807,
    "image": 230528,
    "imageCount": 3,
    "script": 306188,
    "scriptCount": 4,
    "document": 8516,
    "font": 0,
    "fontCount": 0,
    "stylesheet": 1507,
    "stylesheetCount": 1,
    "thirdParty": 6396,
    "thirdPartyCount": 5
  },
  "axe": {
    "passes": 171,
    "violations": 13
  }
}