{
  "url": "https://istanbul.js.org/",
  "requestedUrl": "https://istanbul.js.org/",
  "timestamp": 1606631049447,
  "ranks": {
    "hundos": 3,
    "performance": 5,
    "accessibility": 5,
    "cumulative": 3
  },
  "lighthouse": {
    "version": "6.4.1",
    "performance": 0.94,
    "accessibility": 0.9,
    "bestPractices": 1,
    "seo": 0.92,
    "total": 376
  },
  "firstContentfulPaint": 1677.6360000000002,
  "speedIndex": 1677.6360000000002,
  "largestContentfulPaint": 1677.6360000000002,
  "totalBlockingTime": 345,
  "cumulativeLayoutShift": 0.0011328125,
  "timeToInteractive": 3868.9710000000005,
  "maxPotentialFirstInputDelay": 395,
  "timeToFirstByte": 31.156000000000002,
  "weight": {
    "summary": "10 requests • 534 KiB",
    "total": 547278,
    "image": 230369,
    "imageCount": 3,
    "script": 306899,
    "scriptCount": 3,
    "document": 8486,
    "font": 0,
    "fontCount": 0,
    "stylesheet": 1508,
    "stylesheetCount": 1,
    "thirdParty": 6340,
    "thirdPartyCount": 4
  },
  "axe": {
    "passes": 171,
    "violations": 13
  }
}