{
  "url": "https://istanbul.js.org/",
  "requestedUrl": "https://istanbul.js.org/",
  "timestamp": 1606545112486,
  "ranks": {
    "hundos": 3,
    "performance": 7,
    "accessibility": 5,
    "cumulative": 3
  },
  "lighthouse": {
    "version": "6.4.1",
    "performance": 0.9,
    "accessibility": 0.9,
    "bestPractices": 1,
    "seo": 0.92,
    "total": 372
  },
  "firstContentfulPaint": 1729.7120000000002,
  "speedIndex": 1729.7120000000002,
  "largestContentfulPaint": 1729.7120000000002,
  "totalBlockingTime": 452,
  "cumulativeLayoutShift": 0,
  "timeToInteractive": 3963.4889999999996,
  "maxPotentialFirstInputDelay": 502,
  "timeToFirstByte": 16.77,
  "weight": {
    "summary": "10 requests • 534 KiB",
    "total": 546773,
    "image": 230492,
    "imageCount": 3,
    "script": 306279,
    "scriptCount": 3,
    "document": 8480,
    "font": 0,
    "fontCount": 0,
    "stylesheet": 1506,
    "stylesheetCount": 1,
    "thirdParty": 6335,
    "thirdPartyCount": 4
  },
  "axe": {
    "passes": 171,
    "violations": 13
  }
}