{
  "url": "https://istanbul.js.org/",
  "requestedUrl": "https://istanbul.js.org/",
  "timestamp": 1608531708125,
  "ranks": {
    "hundos": 3,
    "performance": 7,
    "accessibility": 5,
    "cumulative": 3
  },
  "lighthouse": {
    "version": "6.5.0",
    "performance": 0.93,
    "accessibility": 0.9,
    "bestPractices": 1,
    "seo": 0.92,
    "total": 375
  },
  "firstContentfulPaint": 1728.784,
  "speedIndex": 1853.3843189114891,
  "largestContentfulPaint": 1728.784,
  "totalBlockingTime": 358.9285000000002,
  "cumulativeLayoutShift": 0.0011328125,
  "timeToInteractive": 3886.1684999999998,
  "maxPotentialFirstInputDelay": 484,
  "timeToFirstByte": 92.01700000000001,
  "weight": {
    "summary": "9 requests • 534 KiB",
    "total": 547121,
    "image": 230506,
    "imageCount": 3,
    "script": 306583,
    "scriptCount": 3,
    "document": 8522,
    "font": 0,
    "fontCount": 0,
    "stylesheet": 1510,
    "stylesheetCount": 1,
    "thirdParty": 6293,
    "thirdPartyCount": 3
  },
  "run": {
    "number": 1,
    "total": 3
  },
  "axe": {
    "passes": 171,
    "violations": 13
  }
}