{
  "url": "https://istanbul.js.org/",
  "requestedUrl": "https://istanbul.js.org/",
  "timestamp": 1609396153192,
  "ranks": {
    "hundos": 4,
    "performance": 8,
    "accessibility": 5,
    "cumulative": 4
  },
  "lighthouse": {
    "version": "6.5.0",
    "performance": 0.91,
    "accessibility": 0.9,
    "bestPractices": 1,
    "seo": 0.92,
    "total": 373
  },
  "firstContentfulPaint": 1744.192,
  "speedIndex": 1744.192,
  "largestContentfulPaint": 1744.192,
  "totalBlockingTime": 426,
  "cumulativeLayoutShift": 0,
  "timeToInteractive": 3790.295,
  "maxPotentialFirstInputDelay": 476,
  "timeToFirstByte": 34.581,
  "weight": {
    "summary": "10 requests • 534 KiB",
    "total": 547025,
    "image": 230229,
    "imageCount": 3,
    "script": 306640,
    "scriptCount": 3,
    "document": 8501,
    "font": 0,
    "fontCount": 0,
    "stylesheet": 1610,
    "stylesheetCount": 1,
    "thirdParty": 6389,
    "thirdPartyCount": 4
  },
  "run": {
    "number": 1,
    "total": 3
  },
  "axe": {
    "passes": 171,
    "violations": 13
  }
}