{
  "url": "https://istanbul.js.org/",
  "requestedUrl": "https://istanbul.js.org/",
  "timestamp": 1605075701137,
  "ranks": {
    "hundos": 4,
    "performance": 8,
    "accessibility": 5,
    "cumulative": 4
  },
  "lighthouse": {
    "version": "6.4.1",
    "performance": 0.91,
    "accessibility": 0.9,
    "bestPractices": 1,
    "seo": 0.92,
    "total": 373
  },
  "firstContentfulPaint": 1754.8709999999996,
  "speedIndex": 1754.8709999999996,
  "largestContentfulPaint": 1754.8709999999996,
  "totalBlockingTime": 430,
  "cumulativeLayoutShift": 0.0011328125,
  "timeToInteractive": 3942.9839999999995,
  "maxPotentialFirstInputDelay": 480,
  "timeToFirstByte": 102.428,
  "weight": {
    "summary": "9 requests • 534 KiB",
    "total": 546979,
    "image": 230492,
    "imageCount": 3,
    "script": 306334,
    "scriptCount": 3,
    "document": 8540,
    "font": 0,
    "fontCount": 0,
    "stylesheet": 1613,
    "stylesheetCount": 1,
    "thirdParty": 6360,
    "thirdPartyCount": 3
  },
  "axe": {
    "passes": 152,
    "violations": 11
  }
}