{
  "url": "https://istanbul.js.org/",
  "requestedUrl": "https://istanbul.js.org/",
  "timestamp": 1605507764350,
  "ranks": {
    "hundos": 3,
    "performance": 7,
    "accessibility": 5,
    "cumulative": 3
  },
  "lighthouse": {
    "version": "6.4.1",
    "performance": 0.89,
    "accessibility": 0.9,
    "bestPractices": 1,
    "seo": 0.92,
    "total": 371
  },
  "firstContentfulPaint": 1613.937,
  "speedIndex": 1613.937,
  "largestContentfulPaint": 1679.7359999999999,
  "totalBlockingTime": 491,
  "cumulativeLayoutShift": 0,
  "timeToInteractive": 4091.582,
  "maxPotentialFirstInputDelay": 541,
  "timeToFirstByte": 160.707,
  "weight": {
    "summary": "11 requests • 534 KiB",
    "total": 546802,
    "image": 230380,
    "imageCount": 3,
    "script": 306260,
    "scriptCount": 4,
    "document": 8483,
    "font": 0,
    "fontCount": 0,
    "stylesheet": 1634,
    "stylesheetCount": 1,
    "thirdParty": 6360,
    "thirdPartyCount": 5
  },
  "axe": {
    "passes": 152,
    "violations": 11
  }
}