{
  "url": "https://istanbul.js.org/",
  "requestedUrl": "https://istanbul.js.org/",
  "timestamp": 1605680778442,
  "ranks": {
    "hundos": 3,
    "performance": 7,
    "accessibility": 5,
    "cumulative": 3
  },
  "lighthouse": {
    "version": "6.4.1",
    "performance": 0.88,
    "accessibility": 0.9,
    "bestPractices": 1,
    "seo": 0.92,
    "total": 370
  },
  "firstContentfulPaint": 1741.3269999999998,
  "speedIndex": 1741.3269999999998,
  "largestContentfulPaint": 1741.3269999999998,
  "totalBlockingTime": 502,
  "cumulativeLayoutShift": 0,
  "timeToInteractive": 4182.609,
  "maxPotentialFirstInputDelay": 552.0000000000005,
  "timeToFirstByte": 60.05300000000001,
  "weight": {
    "summary": "10 requests • 534 KiB",
    "total": 546821,
    "image": 230486,
    "imageCount": 3,
    "script": 306251,
    "scriptCount": 3,
    "document": 8488,
    "font": 0,
    "fontCount": 0,
    "stylesheet": 1528,
    "stylesheetCount": 1,
    "thirdParty": 6384,
    "thirdPartyCount": 4
  },
  "axe": {
    "passes": 171,
    "violations": 13
  }
}