{
  "url": "https://istanbul.js.org/",
  "requestedUrl": "https://istanbul.js.org/",
  "timestamp": 1608791322461,
  "ranks": {
    "hundos": 3,
    "performance": 8,
    "accessibility": 5,
    "cumulative": 3
  },
  "lighthouse": {
    "version": "6.5.0",
    "performance": 0.93,
    "accessibility": 0.9,
    "bestPractices": 1,
    "seo": 0.92,
    "total": 375
  },
  "firstContentfulPaint": 1679.355,
  "speedIndex": 1679.355,
  "largestContentfulPaint": 1679.355,
  "totalBlockingTime": 368,
  "cumulativeLayoutShift": 0,
  "timeToInteractive": 3735.294,
  "maxPotentialFirstInputDelay": 418,
  "timeToFirstByte": 14.644000000000002,
  "weight": {
    "summary": "9 requests • 534 KiB",
    "total": 547159,
    "image": 230244,
    "imageCount": 3,
    "script": 306814,
    "scriptCount": 3,
    "document": 8507,
    "font": 0,
    "fontCount": 0,
    "stylesheet": 1594,
    "stylesheetCount": 1,
    "thirdParty": 6319,
    "thirdPartyCount": 3
  },
  "run": {
    "number": 3,
    "total": 3
  },
  "axe": {
    "passes": 171,
    "violations": 13
  }
}