{
  "url": "https://istanbul.js.org/",
  "requestedUrl": "https://istanbul.js.org/",
  "timestamp": 1606113163251,
  "ranks": {
    "hundos": 3,
    "performance": 7,
    "accessibility": 5,
    "cumulative": 3
  },
  "lighthouse": {
    "version": "6.4.1",
    "performance": 0.9,
    "accessibility": 0.9,
    "bestPractices": 1,
    "seo": 0.92,
    "total": 372
  },
  "firstContentfulPaint": 1714.0010000000002,
  "speedIndex": 1714.0010000000002,
  "largestContentfulPaint": 1714.0010000000002,
  "totalBlockingTime": 447,
  "cumulativeLayoutShift": 0,
  "timeToInteractive": 3966.7960000000003,
  "maxPotentialFirstInputDelay": 491,
  "timeToFirstByte": 25.992999999999995,
  "weight": {
    "summary": "10 requests • 534 KiB",
    "total": 547110,
    "image": 230234,
    "imageCount": 3,
    "script": 306715,
    "scriptCount": 3,
    "document": 8507,
    "font": 0,
    "fontCount": 0,
    "stylesheet": 1609,
    "stylesheetCount": 1,
    "thirdParty": 6369,
    "thirdPartyCount": 4
  },
  "axe": {
    "passes": 171,
    "violations": 13
  }
}