{
  "url": "https://istanbul.js.org/",
  "requestedUrl": "https://istanbul.js.org/",
  "timestamp": 1609223201544,
  "ranks": {
    "hundos": 3,
    "performance": 8,
    "accessibility": 5,
    "cumulative": 3
  },
  "lighthouse": {
    "version": "6.5.0",
    "performance": 0.93,
    "accessibility": 0.9,
    "bestPractices": 1,
    "seo": 0.92,
    "total": 375
  },
  "firstContentfulPaint": 1749.431,
  "speedIndex": 1749.431,
  "largestContentfulPaint": 1749.431,
  "totalBlockingTime": 376,
  "cumulativeLayoutShift": 0.0011328125,
  "timeToInteractive": 3733.4129999999996,
  "maxPotentialFirstInputDelay": 426,
  "timeToFirstByte": 18.35,
  "weight": {
    "summary": "10 requests • 534 KiB",
    "total": 546821,
    "image": 230423,
    "imageCount": 3,
    "script": 306221,
    "scriptCount": 3,
    "document": 8513,
    "font": 0,
    "fontCount": 0,
    "stylesheet": 1596,
    "stylesheetCount": 1,
    "thirdParty": 6397,
    "thirdPartyCount": 4
  },
  "run": {
    "number": 3,
    "total": 3
  },
  "axe": {
    "passes": 171,
    "violations": 13
  }
}