{
  "url": "https://istanbul.js.org/",
  "requestedUrl": "https://istanbul.js.org/",
  "timestamp": 1605248614336,
  "ranks": {
    "hundos": 4,
    "performance": 8,
    "accessibility": 5,
    "cumulative": 4
  },
  "lighthouse": {
    "version": "6.4.1",
    "performance": 0.88,
    "accessibility": 0.9,
    "bestPractices": 1,
    "seo": 0.92,
    "total": 370
  },
  "firstContentfulPaint": 1735.0110000000002,
  "speedIndex": 1735.0110000000002,
  "largestContentfulPaint": 1735.0110000000002,
  "totalBlockingTime": 503,
  "cumulativeLayoutShift": 0,
  "timeToInteractive": 3865.5880000000006,
  "maxPotentialFirstInputDelay": 553,
  "timeToFirstByte": 18.879999999999995,
  "weight": {
    "summary": "10 requests • 534 KiB",
    "total": 546957,
    "image": 230527,
    "imageCount": 3,
    "script": 306417,
    "scriptCount": 3,
    "document": 8490,
    "font": 0,
    "fontCount": 0,
    "stylesheet": 1507,
    "stylesheetCount": 1,
    "thirdParty": 6326,
    "thirdPartyCount": 4
  },
  "axe": {
    "passes": 152,
    "violations": 11
  }
}