{
  "url": "https://istanbul.js.org/",
  "requestedUrl": "https://istanbul.js.org/",
  "timestamp": 1609050273128,
  "ranks": {
    "hundos": 3,
    "performance": 7,
    "accessibility": 5,
    "cumulative": 3
  },
  "lighthouse": {
    "version": "6.5.0",
    "performance": 0.94,
    "accessibility": 0.9,
    "bestPractices": 1,
    "seo": 0.92,
    "total": 376
  },
  "firstContentfulPaint": 1692.317,
  "speedIndex": 1692.317,
  "largestContentfulPaint": 1692.317,
  "totalBlockingTime": 318.86050000000023,
  "cumulativeLayoutShift": 0.0011328125,
  "timeToInteractive": 3823.9405,
  "maxPotentialFirstInputDelay": 434,
  "timeToFirstByte": 13.546,
  "weight": {
    "summary": "10 requests • 534 KiB",
    "total": 546910,
    "image": 230512,
    "imageCount": 3,
    "script": 306260,
    "scriptCount": 3,
    "document": 8509,
    "font": 0,
    "fontCount": 0,
    "stylesheet": 1613,
    "stylesheetCount": 1,
    "thirdParty": 6339,
    "thirdPartyCount": 4
  },
  "run": {
    "number": 3,
    "total": 3
  },
  "axe": {
    "passes": 171,
    "violations": 13
  }
}