{
  "url": "https://istanbul.js.org/",
  "requestedUrl": "https://istanbul.js.org/",
  "timestamp": 1605162092627,
  "ranks": {
    "hundos": 4,
    "performance": 8,
    "accessibility": 5,
    "cumulative": 4
  },
  "lighthouse": {
    "version": "6.4.1",
    "performance": 0.9,
    "accessibility": 0.9,
    "bestPractices": 1,
    "seo": 0.92,
    "total": 372
  },
  "firstContentfulPaint": 1755.8329999999996,
  "speedIndex": 1755.8329999999996,
  "largestContentfulPaint": 1755.8329999999996,
  "totalBlockingTime": 443,
  "cumulativeLayoutShift": 0,
  "timeToInteractive": 3960.345,
  "maxPotentialFirstInputDelay": 493,
  "timeToFirstByte": 46.628,
  "weight": {
    "summary": "11 requests • 535 KiB",
    "total": 547350,
    "image": 230471,
    "imageCount": 3,
    "script": 306709,
    "scriptCount": 4,
    "document": 8511,
    "font": 0,
    "fontCount": 0,
    "stylesheet": 1614,
    "stylesheetCount": 1,
    "thirdParty": 6351,
    "thirdPartyCount": 5
  },
  "axe": {
    "passes": 152,
    "violations": 11
  }
}