{
  "url": "https://istanbul.js.org/",
  "requestedUrl": "https://istanbul.js.org/",
  "timestamp": 1605767265753,
  "ranks": {
    "hundos": 4,
    "performance": 8,
    "accessibility": 5,
    "cumulative": 4
  },
  "lighthouse": {
    "version": "6.4.1",
    "performance": 0.92,
    "accessibility": 0.9,
    "bestPractices": 1,
    "seo": 0.92,
    "total": 374
  },
  "firstContentfulPaint": 1756.251,
  "speedIndex": 1756.251,
  "largestContentfulPaint": 1756.251,
  "totalBlockingTime": 394,
  "cumulativeLayoutShift": 0.0011328125,
  "timeToInteractive": 3905.7560000000003,
  "maxPotentialFirstInputDelay": 444,
  "timeToFirstByte": 40.94199999999999,
  "weight": {
    "summary": "9 requests • 534 KiB",
    "total": 546917,
    "image": 230407,
    "imageCount": 3,
    "script": 306364,
    "scriptCount": 3,
    "document": 8535,
    "font": 0,
    "fontCount": 0,
    "stylesheet": 1611,
    "stylesheetCount": 1,
    "thirdParty": 6292,
    "thirdPartyCount": 3
  },
  "axe": {
    "passes": 171,
    "violations": 13
  }
}