{
  "url": "https://istanbul.js.org/",
  "requestedUrl": "https://istanbul.js.org/",
  "timestamp": 1604557444082,
  "ranks": {
    "hundos": 4,
    "performance": 8,
    "accessibility": 5,
    "cumulative": 4
  },
  "lighthouse": {
    "version": "6.4.1",
    "performance": 0.88,
    "accessibility": 0.9,
    "bestPractices": 1,
    "seo": 0.92,
    "total": 370
  },
  "firstContentfulPaint": 1775.8149999999998,
  "speedIndex": 1775.8149999999998,
  "largestContentfulPaint": 1775.815,
  "totalBlockingTime": 513,
  "cumulativeLayoutShift": 0,
  "timeToInteractive": 4016.2610000000004,
  "maxPotentialFirstInputDelay": 563,
  "timeToFirstByte": 47.142,
  "weight": {
    "summary": "9 requests • 534 KiB",
    "total": 546832,
    "image": 230395,
    "imageCount": 3,
    "script": 306247,
    "scriptCount": 3,
    "document": 8563,
    "font": 0,
    "fontCount": 0,
    "stylesheet": 1627,
    "stylesheetCount": 1,
    "thirdParty": 6382,
    "thirdPartyCount": 3
  },
  "axe": {
    "passes": 152,
    "violations": 11
  }
}