{
  "url": "https://istanbul.js.org/",
  "requestedUrl": "https://istanbul.js.org/",
  "timestamp": 1606976772791,
  "ranks": {
    "hundos": 3,
    "performance": 8,
    "accessibility": 5,
    "cumulative": 3
  },
  "lighthouse": {
    "version": "6.5.0",
    "performance": 0.87,
    "accessibility": 0.9,
    "bestPractices": 1,
    "seo": 0.92,
    "total": 369
  },
  "firstContentfulPaint": 1771.336,
  "speedIndex": 1771.336,
  "largestContentfulPaint": 1771.336,
  "totalBlockingTime": 550,
  "cumulativeLayoutShift": 0,
  "timeToInteractive": 3922.889,
  "maxPotentialFirstInputDelay": 600,
  "timeToFirstByte": 23.907999999999998,
  "weight": {
    "summary": "10 requests • 534 KiB",
    "total": 547038,
    "image": 230510,
    "imageCount": 3,
    "script": 306523,
    "scriptCount": 4,
    "document": 8499,
    "font": 0,
    "fontCount": 0,
    "stylesheet": 1506,
    "stylesheetCount": 1,
    "thirdParty": 6364,
    "thirdPartyCount": 4
  },
  "axe": {
    "passes": 171,
    "violations": 13
  }
}