{
  "url": "https://istanbul.js.org/",
  "requestedUrl": "https://istanbul.js.org/",
  "timestamp": 1605940035640,
  "ranks": {
    "hundos": 4,
    "performance": 7,
    "accessibility": 5,
    "cumulative": 4
  },
  "lighthouse": {
    "version": "6.4.1",
    "performance": 0.89,
    "accessibility": 0.9,
    "bestPractices": 1,
    "seo": 0.92,
    "total": 371
  },
  "firstContentfulPaint": 1801.845,
  "speedIndex": 1801.845,
  "largestContentfulPaint": 1801.845,
  "totalBlockingTime": 470.99999999999955,
  "cumulativeLayoutShift": 0.0011328125,
  "timeToInteractive": 3950.8610000000003,
  "maxPotentialFirstInputDelay": 521,
  "timeToFirstByte": 88.643,
  "weight": {
    "summary": "11 requests • 534 KiB",
    "total": 547053,
    "image": 230383,
    "imageCount": 3,
    "script": 306612,
    "scriptCount": 4,
    "document": 8510,
    "font": 0,
    "fontCount": 0,
    "stylesheet": 1532,
    "stylesheetCount": 1,
    "thirdParty": 6336,
    "thirdPartyCount": 5
  },
  "axe": {
    "passes": 171,
    "violations": 13
  }
}