{
  "url": "https://istanbul.js.org/",
  "requestedUrl": "https://istanbul.js.org/",
  "timestamp": 1604730705495,
  "ranks": {
    "hundos": 4,
    "performance": 8,
    "accessibility": 5,
    "cumulative": 4
  },
  "lighthouse": {
    "version": "6.4.1",
    "performance": 0.89,
    "accessibility": 0.9,
    "bestPractices": 1,
    "seo": 0.92,
    "total": 371
  },
  "firstContentfulPaint": 1741.4429999999998,
  "speedIndex": 1741.4429999999998,
  "largestContentfulPaint": 1741.4429999999998,
  "totalBlockingTime": 489,
  "cumulativeLayoutShift": 0,
  "timeToInteractive": 4016.288,
  "maxPotentialFirstInputDelay": 533,
  "timeToFirstByte": 19.344,
  "weight": {
    "summary": "9 requests • 534 KiB",
    "total": 547029,
    "image": 230369,
    "imageCount": 3,
    "script": 306601,
    "scriptCount": 3,
    "document": 8545,
    "font": 0,
    "fontCount": 0,
    "stylesheet": 1514,
    "stylesheetCount": 1,
    "thirdParty": 6376,
    "thirdPartyCount": 3
  },
  "axe": {
    "passes": 152,
    "violations": 11
  }
}