{
  "url": "https://istanbul.js.org/",
  "requestedUrl": "https://istanbul.js.org/",
  "timestamp": 1607581521526,
  "ranks": {
    "hundos": 3,
    "performance": 7,
    "accessibility": 5,
    "cumulative": 3
  },
  "lighthouse": {
    "version": "6.5.0",
    "performance": 0.89,
    "accessibility": 0.9,
    "bestPractices": 1,
    "seo": 0.92,
    "total": 371
  },
  "firstContentfulPaint": 1736.0300000000002,
  "speedIndex": 1736.0300000000002,
  "largestContentfulPaint": 1736.0300000000002,
  "totalBlockingTime": 490,
  "cumulativeLayoutShift": 0,
  "timeToInteractive": 4020.9030000000002,
  "maxPotentialFirstInputDelay": 540,
  "timeToFirstByte": 21.244999999999997,
  "weight": {
    "summary": "11 requests • 534 KiB",
    "total": 547111,
    "image": 230512,
    "imageCount": 3,
    "script": 306516,
    "scriptCount": 4,
    "document": 8562,
    "font": 0,
    "fontCount": 0,
    "stylesheet": 1505,
    "stylesheetCount": 1,
    "thirdParty": 6368,
    "thirdPartyCount": 5
  },
  "axe": {
    "passes": 171,
    "violations": 13
  }
}