{
  "url": "https://istanbul.js.org/",
  "requestedUrl": "https://istanbul.js.org/",
  "timestamp": 1604643823197,
  "ranks": {
    "hundos": 4,
    "performance": 8,
    "accessibility": 5,
    "cumulative": 4
  },
  "lighthouse": {
    "version": "6.4.1",
    "performance": 0.92,
    "accessibility": 0.9,
    "bestPractices": 1,
    "seo": 0.92,
    "total": 374
  },
  "firstContentfulPaint": 1722.6889999999999,
  "speedIndex": 1722.6889999999999,
  "largestContentfulPaint": 1722.6889999999999,
  "totalBlockingTime": 404,
  "cumulativeLayoutShift": 0,
  "timeToInteractive": 3918.6879999999996,
  "maxPotentialFirstInputDelay": 454,
  "timeToFirstByte": 28.847,
  "weight": {
    "summary": "9 requests • 534 KiB",
    "total": 547312,
    "image": 230654,
    "imageCount": 3,
    "script": 306549,
    "scriptCount": 3,
    "document": 8599,
    "font": 0,
    "fontCount": 0,
    "stylesheet": 1510,
    "stylesheetCount": 1,
    "thirdParty": 6381,
    "thirdPartyCount": 3
  },
  "axe": {
    "passes": 152,
    "violations": 11
  }
}