{
  "url": "https://istanbul.js.org/",
  "requestedUrl": "https://istanbul.js.org/",
  "timestamp": 1607409288025,
  "ranks": {
    "hundos": 3,
    "performance": 4,
    "accessibility": 5,
    "cumulative": 3
  },
  "lighthouse": {
    "version": "6.5.0",
    "performance": 0.97,
    "accessibility": 0.9,
    "bestPractices": 1,
    "seo": 0.92,
    "total": 379
  },
  "firstContentfulPaint": 1721.4930000000002,
  "speedIndex": 1721.4930000000002,
  "largestContentfulPaint": 1721.4930000000002,
  "totalBlockingTime": 220,
  "cumulativeLayoutShift": 0.0011328125,
  "timeToInteractive": 4039.4665000000005,
  "maxPotentialFirstInputDelay": 490,
  "timeToFirstByte": 16.346000000000004,
  "weight": {
    "summary": "10 requests • 534 KiB",
    "total": 547051,
    "image": 230415,
    "imageCount": 3,
    "script": 306484,
    "scriptCount": 3,
    "document": 8508,
    "font": 0,
    "fontCount": 0,
    "stylesheet": 1599,
    "stylesheetCount": 1,
    "thirdParty": 6394,
    "thirdPartyCount": 4
  },
  "axe": {
    "passes": 171,
    "violations": 13
  }
}