{
  "url": "https://istanbul.js.org/",
  "requestedUrl": "https://istanbul.js.org/",
  "timestamp": 1604903394889,
  "ranks": {
    "hundos": 4,
    "performance": 7,
    "accessibility": 5,
    "cumulative": 4
  },
  "lighthouse": {
    "version": "6.4.1",
    "performance": 0.91,
    "accessibility": 0.9,
    "bestPractices": 1,
    "seo": 0.92,
    "total": 373
  },
  "firstContentfulPaint": 1568.096,
  "speedIndex": 1568.096,
  "largestContentfulPaint": 1570.21,
  "totalBlockingTime": 411,
  "cumulativeLayoutShift": 0,
  "timeToInteractive": 3918.058,
  "maxPotentialFirstInputDelay": 461,
  "timeToFirstByte": 62.324000000000005,
  "weight": {
    "summary": "9 requests • 534 KiB",
    "total": 546810,
    "image": 230532,
    "imageCount": 3,
    "script": 306223,
    "scriptCount": 3,
    "document": 8543,
    "font": 0,
    "fontCount": 0,
    "stylesheet": 1512,
    "stylesheetCount": 1,
    "thirdParty": 6357,
    "thirdPartyCount": 3
  },
  "axe": {
    "passes": 152,
    "violations": 11
  }
}