{
  "url": "https://istanbul.js.org/",
  "requestedUrl": "https://istanbul.js.org/",
  "timestamp": 1605335091396,
  "ranks": {
    "hundos": 4,
    "performance": 7,
    "accessibility": 5,
    "cumulative": 4
  },
  "lighthouse": {
    "version": "6.4.1",
    "performance": 0.87,
    "accessibility": 0.9,
    "bestPractices": 1,
    "seo": 0.92,
    "total": 369
  },
  "firstContentfulPaint": 1758.411,
  "speedIndex": 1758.411,
  "largestContentfulPaint": 1758.411,
  "totalBlockingTime": 538,
  "cumulativeLayoutShift": 0,
  "timeToInteractive": 3912.498,
  "maxPotentialFirstInputDelay": 588,
  "timeToFirstByte": 47.93299999999999,
  "weight": {
    "summary": "10 requests • 534 KiB",
    "total": 547211,
    "image": 230387,
    "imageCount": 3,
    "script": 306700,
    "scriptCount": 3,
    "document": 8488,
    "font": 0,
    "fontCount": 0,
    "stylesheet": 1620,
    "stylesheetCount": 1,
    "thirdParty": 6351,
    "thirdPartyCount": 4
  },
  "axe": {
    "passes": 152,
    "violations": 11
  }
}