{
  "url": "https://istanbul.js.org/",
  "requestedUrl": "https://istanbul.js.org/",
  "timestamp": 1606371877065,
  "ranks": {
    "hundos": 3,
    "performance": 8,
    "accessibility": 5,
    "cumulative": 3
  },
  "lighthouse": {
    "version": "6.4.1",
    "performance": 0.93,
    "accessibility": 0.9,
    "bestPractices": 1,
    "seo": 0.92,
    "total": 375
  },
  "firstContentfulPaint": 1687.5810000000001,
  "speedIndex": 1687.5810000000001,
  "largestContentfulPaint": 1687.5810000000001,
  "totalBlockingTime": 350.9064999999998,
  "cumulativeLayoutShift": 0.0011328125,
  "timeToInteractive": 3877.0635,
  "maxPotentialFirstInputDelay": 476,
  "timeToFirstByte": 23.885999999999996,
  "weight": {
    "summary": "10 requests • 534 KiB",
    "total": 546984,
    "image": 230269,
    "imageCount": 3,
    "script": 306512,
    "scriptCount": 3,
    "document": 8554,
    "font": 0,
    "fontCount": 0,
    "stylesheet": 1633,
    "stylesheetCount": 1,
    "thirdParty": 6343,
    "thirdPartyCount": 4
  },
  "axe": {
    "passes": 171,
    "violations": 13
  }
}