{
  "url": "https://istanbul.js.org/",
  "requestedUrl": "https://istanbul.js.org/",
  "timestamp": 1608877244920,
  "ranks": {
    "hundos": 3,
    "performance": 6,
    "accessibility": 5,
    "cumulative": 3
  },
  "lighthouse": {
    "version": "6.5.0",
    "performance": 0.94,
    "accessibility": 0.9,
    "bestPractices": 1,
    "seo": 0.92,
    "total": 376
  },
  "firstContentfulPaint": 1676.951,
  "speedIndex": 1676.951,
  "largestContentfulPaint": 1676.951,
  "totalBlockingTime": 348,
  "cumulativeLayoutShift": 0.0011328125,
  "timeToInteractive": 3714.082,
  "maxPotentialFirstInputDelay": 398,
  "timeToFirstByte": 19.737000000000002,
  "weight": {
    "summary": "9 requests • 534 KiB",
    "total": 546975,
    "image": 230401,
    "imageCount": 3,
    "script": 306433,
    "scriptCount": 3,
    "document": 8511,
    "font": 0,
    "fontCount": 0,
    "stylesheet": 1630,
    "stylesheetCount": 1,
    "thirdParty": 6325,
    "thirdPartyCount": 3
  },
  "run": {
    "number": 1,
    "total": 3
  },
  "axe": {
    "passes": 171,
    "violations": 13
  }
}