{
  "url": "https://istanbul.js.org/",
  "requestedUrl": "https://istanbul.js.org/",
  "timestamp": 1605853972731,
  "ranks": {
    "hundos": 3,
    "performance": 7,
    "accessibility": 5,
    "cumulative": 3
  },
  "lighthouse": {
    "version": "6.4.1",
    "performance": 0.9,
    "accessibility": 0.9,
    "bestPractices": 1,
    "seo": 0.92,
    "total": 372
  },
  "firstContentfulPaint": 1714.792,
  "speedIndex": 1714.792,
  "largestContentfulPaint": 1714.792,
  "totalBlockingTime": 467,
  "cumulativeLayoutShift": 0,
  "timeToInteractive": 3863.1049999999996,
  "maxPotentialFirstInputDelay": 517,
  "timeToFirstByte": 31.246000000000002,
  "weight": {
    "summary": "10 requests • 534 KiB",
    "total": 546839,
    "image": 230407,
    "imageCount": 3,
    "script": 306258,
    "scriptCount": 3,
    "document": 8507,
    "font": 0,
    "fontCount": 0,
    "stylesheet": 1622,
    "stylesheetCount": 1,
    "thirdParty": 6363,
    "thirdPartyCount": 4
  },
  "axe": {
    "passes": 171,
    "violations": 13
  }
}