{
  "url": "https://www.netlify.com/webinar/a-drupal-journey-to-the-jamstack/",
  "requestedUrl": "https://www.netlify.com/webinar/a-drupal-journey-to-the-jamstack/",
  "timestamp": 1606716519051,
  "ranks": {
    "hundos": 1,
    "performance": 6,
    "accessibility": 4,
    "cumulative": 1
  },
  "lighthouse": {
    "version": "6.4.1",
    "performance": 0.98,
    "accessibility": 1,
    "bestPractices": 1,
    "seo": 1,
    "total": 398
  },
  "firstContentfulPaint": 1268.8829999999998,
  "speedIndex": 1268.8829999999998,
  "largestContentfulPaint": 1719.2419999999997,
  "totalBlockingTime": 43.5,
  "cumulativeLayoutShift": 0,
  "timeToInteractive": 3724.5814999999993,
  "maxPotentialFirstInputDelay": 90,
  "timeToFirstByte": 250.82999999999998,
  "weight": {
    "summary": "32 requests • 295 KiB",
    "total": 302364,
    "image": 56260,
    "imageCount": 8,
    "script": 154060,
    "scriptCount": 12,
    "document": 38949,
    "font": 47917,
    "fontCount": 4,
    "stylesheet": 0,
    "stylesheetCount": 0,
    "thirdParty": 153775,
    "thirdPartyCount": 23
  },
  "axe": {
    "passes": 967,
    "violations": 1
  }
}