{
  "url": "https://www.netlify.com/webinar/a-drupal-journey-to-the-jamstack/",
  "requestedUrl": "https://www.netlify.com/webinar/a-drupal-journey-to-the-jamstack/",
  "timestamp": 1606975550742,
  "ranks": {
    "hundos": 1,
    "performance": 4,
    "accessibility": 4,
    "cumulative": 1
  },
  "lighthouse": {
    "version": "6.5.0",
    "performance": 0.98,
    "accessibility": 1,
    "bestPractices": 1,
    "seo": 1,
    "total": 398
  },
  "firstContentfulPaint": 1046.6110000000003,
  "speedIndex": 1046.6110000000003,
  "largestContentfulPaint": 2116.947,
  "totalBlockingTime": 60.5,
  "cumulativeLayoutShift": 0,
  "timeToInteractive": 3691.3630000000003,
  "maxPotentialFirstInputDelay": 99,
  "timeToFirstByte": 142.387,
  "weight": {
    "summary": "33 requests • 296 KiB",
    "total": 302881,
    "image": 56284,
    "imageCount": 8,
    "script": 154434,
    "scriptCount": 12,
    "document": 39501,
    "font": 47916,
    "fontCount": 4,
    "stylesheet": 0,
    "stylesheetCount": 0,
    "thirdParty": 154281,
    "thirdPartyCount": 24
  },
  "axe": {
    "passes": 967,
    "violations": 1
  }
}