{
  "url": "https://www.netlify.com/webinar/a-drupal-journey-to-the-jamstack/",
  "requestedUrl": "https://www.netlify.com/webinar/a-drupal-journey-to-the-jamstack/",
  "timestamp": 1607148549661,
  "ranks": {
    "hundos": 1,
    "performance": 2,
    "accessibility": 4,
    "cumulative": 1
  },
  "lighthouse": {
    "version": "6.5.0",
    "performance": 0.98,
    "accessibility": 1,
    "bestPractices": 1,
    "seo": 1,
    "total": 398
  },
  "firstContentfulPaint": 1346.7350000000001,
  "speedIndex": 1346.7350000000001,
  "largestContentfulPaint": 1782.402,
  "totalBlockingTime": 22.5,
  "cumulativeLayoutShift": 0,
  "timeToInteractive": 3857.5555000000004,
  "maxPotentialFirstInputDelay": 76,
  "timeToFirstByte": 195.322,
  "weight": {
    "summary": "32 requests • 295 KiB",
    "total": 302540,
    "image": 56255,
    "imageCount": 8,
    "script": 154448,
    "scriptCount": 12,
    "document": 39088,
    "font": 47913,
    "fontCount": 4,
    "stylesheet": 0,
    "stylesheetCount": 0,
    "thirdParty": 153821,
    "thirdPartyCount": 23
  },
  "axe": {
    "passes": 966,
    "violations": 1
  }
}