{
  "url": "https://www.netlify.com/webinar/a-drupal-journey-to-the-jamstack/",
  "requestedUrl": "https://www.netlify.com/webinar/a-drupal-journey-to-the-jamstack/",
  "timestamp": 1604556536257,
  "ranks": {
    "hundos": 4,
    "performance": 6,
    "accessibility": 4,
    "cumulative": 4
  },
  "lighthouse": {
    "version": "6.4.1",
    "performance": 0.97,
    "accessibility": 1,
    "bestPractices": 1,
    "seo": 0.92,
    "total": 389
  },
  "firstContentfulPaint": 1269.522,
  "speedIndex": 1269.522,
  "largestContentfulPaint": 2209.6589999999997,
  "totalBlockingTime": 38,
  "cumulativeLayoutShift": 0.00017333433363172742,
  "timeToInteractive": 3650.9939999999992,
  "maxPotentialFirstInputDelay": 83,
  "timeToFirstByte": 191.757,
  "weight": {
    "summary": "31 requests • 237 KiB",
    "total": 242191,
    "image": 12767,
    "imageCount": 7,
    "script": 151732,
    "scriptCount": 12,
    "document": 25035,
    "font": 47933,
    "fontCount": 4,
    "stylesheet": 0,
    "stylesheetCount": 0,
    "thirdParty": 151724,
    "thirdPartyCount": 23
  },
  "axe": {
    "passes": 927,
    "violations": 1
  }
}