{
  "url": "https://www.netlify.com/webinar/a-drupal-journey-to-the-jamstack/",
  "requestedUrl": "https://www.netlify.com/webinar/a-drupal-journey-to-the-jamstack/",
  "timestamp": 1606543901385,
  "ranks": {
    "hundos": 1,
    "performance": 3,
    "accessibility": 4,
    "cumulative": 1
  },
  "lighthouse": {
    "version": "6.4.1",
    "performance": 0.98,
    "accessibility": 1,
    "bestPractices": 1,
    "seo": 1,
    "total": 398
  },
  "firstContentfulPaint": 1348.717,
  "speedIndex": 1420.1595620000055,
  "largestContentfulPaint": 1771.5230000000001,
  "totalBlockingTime": 16,
  "cumulativeLayoutShift": 0,
  "timeToInteractive": 3756.1124999999997,
  "maxPotentialFirstInputDelay": 75,
  "timeToFirstByte": 299.07,
  "weight": {
    "summary": "32 requests • 295 KiB",
    "total": 302040,
    "image": 56394,
    "imageCount": 8,
    "script": 154057,
    "scriptCount": 12,
    "document": 38948,
    "font": 47942,
    "fontCount": 4,
    "stylesheet": 0,
    "stylesheetCount": 0,
    "thirdParty": 153402,
    "thirdPartyCount": 23
  },
  "axe": {
    "passes": 967,
    "violations": 1
  }
}