{
  "url": "https://www.netlify.com/webinar/a-drupal-journey-to-the-jamstack/",
  "requestedUrl": "https://www.netlify.com/webinar/a-drupal-journey-to-the-jamstack/",
  "timestamp": 1604988277380,
  "ranks": {
    "hundos": 4,
    "performance": 4,
    "accessibility": 4,
    "cumulative": 4
  },
  "lighthouse": {
    "version": "6.4.1",
    "performance": 0.99,
    "accessibility": 1,
    "bestPractices": 1,
    "seo": 0.92,
    "total": 391
  },
  "firstContentfulPaint": 1270.1250000000002,
  "speedIndex": 1270.1250000000002,
  "largestContentfulPaint": 1737.4915,
  "totalBlockingTime": 21,
  "cumulativeLayoutShift": 0,
  "timeToInteractive": 3606.563,
  "maxPotentialFirstInputDelay": 72,
  "timeToFirstByte": 12.774999999999999,
  "weight": {
    "summary": "31 requests • 236 KiB",
    "total": 242128,
    "image": 12756,
    "imageCount": 7,
    "script": 151705,
    "scriptCount": 12,
    "document": 25044,
    "font": 47910,
    "fontCount": 4,
    "stylesheet": 0,
    "stylesheetCount": 0,
    "thirdParty": 151707,
    "thirdPartyCount": 23
  },
  "axe": {
    "passes": 916,
    "violations": 0
  }
}