{
  "url": "https://www.netlify.com/webinar/a-drupal-journey-to-the-jamstack/",
  "requestedUrl": "https://www.netlify.com/webinar/a-drupal-journey-to-the-jamstack/",
  "timestamp": 1607408339823,
  "ranks": {
    "hundos": 3,
    "performance": 5,
    "accessibility": 4,
    "cumulative": 3
  },
  "lighthouse": {
    "version": "6.5.0",
    "performance": 0.98,
    "accessibility": 1,
    "bestPractices": 1,
    "seo": 0.92,
    "total": 390
  },
  "firstContentfulPaint": 1397.2830000000001,
  "speedIndex": 1427.6311379999886,
  "largestContentfulPaint": 1821.587,
  "totalBlockingTime": 25.999999999999773,
  "cumulativeLayoutShift": 0.00027065277099609376,
  "timeToInteractive": 3840.261,
  "maxPotentialFirstInputDelay": 85.99999999999955,
  "timeToFirstByte": 223.154,
  "weight": {
    "summary": "32 requests • 296 KiB",
    "total": 302940,
    "image": 56259,
    "imageCount": 8,
    "script": 155079,
    "scriptCount": 12,
    "document": 38942,
    "font": 47913,
    "fontCount": 4,
    "stylesheet": 0,
    "stylesheetCount": 0,
    "thirdParty": 154364,
    "thirdPartyCount": 23
  },
  "axe": {
    "passes": 966,
    "violations": 1
  }
}