{
  "url": "https://www.netlify.com/webinar/a-drupal-journey-to-the-jamstack/",
  "requestedUrl": "https://www.netlify.com/webinar/a-drupal-journey-to-the-jamstack/",
  "timestamp": 1606112147292,
  "ranks": {
    "hundos": 1,
    "performance": 6,
    "accessibility": 4,
    "cumulative": 1
  },
  "lighthouse": {
    "version": "6.4.1",
    "performance": 0.98,
    "accessibility": 1,
    "bestPractices": 1,
    "seo": 1,
    "total": 398
  },
  "firstContentfulPaint": 1449.6789999999999,
  "speedIndex": 1449.6789999999999,
  "largestContentfulPaint": 1871.571,
  "totalBlockingTime": 44,
  "cumulativeLayoutShift": 0,
  "timeToInteractive": 3864.307,
  "maxPotentialFirstInputDelay": 116,
  "timeToFirstByte": 189.46500000000003,
  "weight": {
    "summary": "32 requests • 295 KiB",
    "total": 302019,
    "image": 56232,
    "imageCount": 8,
    "script": 153935,
    "scriptCount": 12,
    "document": 39195,
    "font": 47913,
    "fontCount": 4,
    "stylesheet": 0,
    "stylesheetCount": 0,
    "thirdParty": 153370,
    "thirdPartyCount": 23
  },
  "axe": {
    "passes": 967,
    "violations": 1
  }
}