{
  "url": "https://www.netlify.com/webinar/a-drupal-journey-to-the-jamstack/",
  "requestedUrl": "https://www.netlify.com/webinar/a-drupal-journey-to-the-jamstack/",
  "timestamp": 1607062334962,
  "ranks": {
    "hundos": 5,
    "performance": 13,
    "accessibility": 4,
    "cumulative": 5
  },
  "lighthouse": {
    "version": "6.5.0",
    "performance": 0.95,
    "accessibility": 1,
    "bestPractices": 1,
    "seo": 1,
    "total": 395
  },
  "firstContentfulPaint": 1448.279,
  "speedIndex": 3143.3936390359886,
  "largestContentfulPaint": 2426.4349999999995,
  "totalBlockingTime": 32.00000000000023,
  "cumulativeLayoutShift": 0.006319776746961806,
  "timeToInteractive": 4060.6865000000003,
  "maxPotentialFirstInputDelay": 83,
  "timeToFirstByte": 498.226,
  "weight": {
    "summary": "32 requests • 295 KiB",
    "total": 302304,
    "image": 56281,
    "imageCount": 8,
    "script": 154448,
    "scriptCount": 12,
    "document": 38937,
    "font": 47940,
    "fontCount": 4,
    "stylesheet": 0,
    "stylesheetCount": 0,
    "thirdParty": 153681,
    "thirdPartyCount": 23
  },
  "axe": {
    "passes": 967,
    "violations": 1
  }
}